1779094379460|0|statement|connection 61|url jdbc:h2:mem:f277c681-b10f-4c01-b9fd-4a3af3291743|     drop table if exists match_lineups cascade |     drop table if exists match_lineups cascade 
1779094379461|0|statement|connection 61|url jdbc:h2:mem:f277c681-b10f-4c01-b9fd-4a3af3291743|     drop table if exists match_review_likes cascade |     drop table if exists match_review_likes cascade 
1779094379462|0|statement|connection 61|url jdbc:h2:mem:f277c681-b10f-4c01-b9fd-4a3af3291743|     drop table if exists match_reviews cascade |     drop table if exists match_reviews cascade 
1779094379462|0|statement|connection 61|url jdbc:h2:mem:f277c681-b10f-4c01-b9fd-4a3af3291743|     drop table if exists match_statistics cascade |     drop table if exists match_statistics cascade 
1779094379463|0|statement|connection 61|url jdbc:h2:mem:f277c681-b10f-4c01-b9fd-4a3af3291743|     drop table if exists matches cascade |     drop table if exists matches cascade 
1779094379463|0|statement|connection 61|url jdbc:h2:mem:f277c681-b10f-4c01-b9fd-4a3af3291743|     drop table if exists player_review_likes cascade |     drop table if exists player_review_likes cascade 
1779094379464|0|statement|connection 61|url jdbc:h2:mem:f277c681-b10f-4c01-b9fd-4a3af3291743|     drop table if exists player_reviews cascade |     drop table if exists player_reviews cascade 
1779094379464|0|statement|connection 61|url jdbc:h2:mem:f277c681-b10f-4c01-b9fd-4a3af3291743|     drop table if exists player_statistics cascade |     drop table if exists player_statistics cascade 
1779094379464|0|statement|connection 61|url jdbc:h2:mem:f277c681-b10f-4c01-b9fd-4a3af3291743|     drop table if exists players cascade |     drop table if exists players cascade 
1779094379465|0|statement|connection 61|url jdbc:h2:mem:f277c681-b10f-4c01-b9fd-4a3af3291743|     drop table if exists refresh_tokens cascade |     drop table if exists refresh_tokens cascade 
1779094379465|0|statement|connection 61|url jdbc:h2:mem:f277c681-b10f-4c01-b9fd-4a3af3291743|     drop table if exists seasons cascade |     drop table if exists seasons cascade 
1779094379466|0|statement|connection 61|url jdbc:h2:mem:f277c681-b10f-4c01-b9fd-4a3af3291743|     drop table if exists teams cascade |     drop table if exists teams cascade 
1779094379466|0|statement|connection 61|url jdbc:h2:mem:f277c681-b10f-4c01-b9fd-4a3af3291743|     drop table if exists users cascade |     drop table if exists users cascade 
1779094379468|0|statement|connection 62|url jdbc:h2:mem:b24e1d89-b47a-4e5f-9dce-ab448a777236|     drop table if exists match_lineups cascade |     drop table if exists match_lineups cascade 
1779094379468|0|statement|connection 62|url jdbc:h2:mem:b24e1d89-b47a-4e5f-9dce-ab448a777236|     drop table if exists match_review_likes cascade |     drop table if exists match_review_likes cascade 
1779094379468|0|statement|connection 62|url jdbc:h2:mem:b24e1d89-b47a-4e5f-9dce-ab448a777236|     drop table if exists match_reviews cascade |     drop table if exists match_reviews cascade 
1779094379468|0|statement|connection 62|url jdbc:h2:mem:b24e1d89-b47a-4e5f-9dce-ab448a777236|     drop table if exists match_statistics cascade |     drop table if exists match_statistics cascade 
1779094379468|0|statement|connection 62|url jdbc:h2:mem:b24e1d89-b47a-4e5f-9dce-ab448a777236|     drop table if exists matches cascade |     drop table if exists matches cascade 
1779094379468|0|statement|connection 62|url jdbc:h2:mem:b24e1d89-b47a-4e5f-9dce-ab448a777236|     drop table if exists player_review_likes cascade |     drop table if exists player_review_likes cascade 
1779094379468|0|statement|connection 62|url jdbc:h2:mem:b24e1d89-b47a-4e5f-9dce-ab448a777236|     drop table if exists player_reviews cascade |     drop table if exists player_reviews cascade 
1779094379468|0|statement|connection 62|url jdbc:h2:mem:b24e1d89-b47a-4e5f-9dce-ab448a777236|     drop table if exists player_statistics cascade |     drop table if exists player_statistics cascade 
1779094379472|0|statement|connection 62|url jdbc:h2:mem:b24e1d89-b47a-4e5f-9dce-ab448a777236|     drop table if exists players cascade |     drop table if exists players cascade 
1779094379472|0|statement|connection 62|url jdbc:h2:mem:b24e1d89-b47a-4e5f-9dce-ab448a777236|     drop table if exists refresh_tokens cascade |     drop table if exists refresh_tokens cascade 
1779094379472|0|statement|connection 62|url jdbc:h2:mem:b24e1d89-b47a-4e5f-9dce-ab448a777236|     drop table if exists seasons cascade |     drop table if exists seasons cascade 
1779094379472|0|statement|connection 62|url jdbc:h2:mem:b24e1d89-b47a-4e5f-9dce-ab448a777236|     drop table if exists teams cascade |     drop table if exists teams cascade 
1779094379472|0|statement|connection 62|url jdbc:h2:mem:b24e1d89-b47a-4e5f-9dce-ab448a777236|     drop table if exists users cascade |     drop table if exists users cascade 
1779094379475|0|statement|connection 63|url jdbc:h2:mem:2e36d3a3-8a03-45a3-a7f8-968d10359a2c|     drop table if exists match_lineups cascade |     drop table if exists match_lineups cascade 
1779094379476|0|statement|connection 63|url jdbc:h2:mem:2e36d3a3-8a03-45a3-a7f8-968d10359a2c|     drop table if exists match_review_likes cascade |     drop table if exists match_review_likes cascade 
1779094379476|0|statement|connection 63|url jdbc:h2:mem:2e36d3a3-8a03-45a3-a7f8-968d10359a2c|     drop table if exists match_reviews cascade |     drop table if exists match_reviews cascade 
1779094379476|0|statement|connection 63|url jdbc:h2:mem:2e36d3a3-8a03-45a3-a7f8-968d10359a2c|     drop table if exists match_statistics cascade |     drop table if exists match_statistics cascade 
1779094379476|0|statement|connection 63|url jdbc:h2:mem:2e36d3a3-8a03-45a3-a7f8-968d10359a2c|     drop table if exists matches cascade |     drop table if exists matches cascade 
1779094379477|0|statement|connection 63|url jdbc:h2:mem:2e36d3a3-8a03-45a3-a7f8-968d10359a2c|     drop table if exists player_review_likes cascade |     drop table if exists player_review_likes cascade 
1779094379477|0|statement|connection 63|url jdbc:h2:mem:2e36d3a3-8a03-45a3-a7f8-968d10359a2c|     drop table if exists player_reviews cascade |     drop table if exists player_reviews cascade 
1779094379477|0|statement|connection 63|url jdbc:h2:mem:2e36d3a3-8a03-45a3-a7f8-968d10359a2c|     drop table if exists player_statistics cascade |     drop table if exists player_statistics cascade 
1779094379477|0|statement|connection 63|url jdbc:h2:mem:2e36d3a3-8a03-45a3-a7f8-968d10359a2c|     drop table if exists players cascade |     drop table if exists players cascade 
1779094379478|0|statement|connection 63|url jdbc:h2:mem:2e36d3a3-8a03-45a3-a7f8-968d10359a2c|     drop table if exists refresh_tokens cascade |     drop table if exists refresh_tokens cascade 
1779094379478|0|statement|connection 63|url jdbc:h2:mem:2e36d3a3-8a03-45a3-a7f8-968d10359a2c|     drop table if exists seasons cascade |     drop table if exists seasons cascade 
1779094379478|0|statement|connection 63|url jdbc:h2:mem:2e36d3a3-8a03-45a3-a7f8-968d10359a2c|     drop table if exists teams cascade |     drop table if exists teams cascade 
1779094379478|0|statement|connection 63|url jdbc:h2:mem:2e36d3a3-8a03-45a3-a7f8-968d10359a2c|     drop table if exists users cascade |     drop table if exists users cascade 
1779094379479|0|statement|connection 64|url jdbc:h2:mem:011d335a-7981-4024-8355-1e807b114e35|     drop table if exists match_lineups cascade |     drop table if exists match_lineups cascade 
1779094379480|0|statement|connection 64|url jdbc:h2:mem:011d335a-7981-4024-8355-1e807b114e35|     drop table if exists match_review_likes cascade |     drop table if exists match_review_likes cascade 
1779094379480|0|statement|connection 64|url jdbc:h2:mem:011d335a-7981-4024-8355-1e807b114e35|     drop table if exists match_reviews cascade |     drop table if exists match_reviews cascade 
1779094379480|0|statement|connection 64|url jdbc:h2:mem:011d335a-7981-4024-8355-1e807b114e35|     drop table if exists match_statistics cascade |     drop table if exists match_statistics cascade 
1779094379480|0|statement|connection 64|url jdbc:h2:mem:011d335a-7981-4024-8355-1e807b114e35|     drop table if exists matches cascade |     drop table if exists matches cascade 
1779094379480|0|statement|connection 64|url jdbc:h2:mem:011d335a-7981-4024-8355-1e807b114e35|     drop table if exists player_review_likes cascade |     drop table if exists player_review_likes cascade 
1779094379480|0|statement|connection 64|url jdbc:h2:mem:011d335a-7981-4024-8355-1e807b114e35|     drop table if exists player_reviews cascade |     drop table if exists player_reviews cascade 
1779094379480|0|statement|connection 64|url jdbc:h2:mem:011d335a-7981-4024-8355-1e807b114e35|     drop table if exists player_statistics cascade |     drop table if exists player_statistics cascade 
1779094379480|0|statement|connection 64|url jdbc:h2:mem:011d335a-7981-4024-8355-1e807b114e35|     drop table if exists players cascade |     drop table if exists players cascade 
1779094379480|0|statement|connection 64|url jdbc:h2:mem:011d335a-7981-4024-8355-1e807b114e35|     drop table if exists refresh_tokens cascade |     drop table if exists refresh_tokens cascade 
1779094379481|0|statement|connection 64|url jdbc:h2:mem:011d335a-7981-4024-8355-1e807b114e35|     drop table if exists seasons cascade |     drop table if exists seasons cascade 
1779094379481|0|statement|connection 64|url jdbc:h2:mem:011d335a-7981-4024-8355-1e807b114e35|     drop table if exists teams cascade |     drop table if exists teams cascade 
1779094379481|0|statement|connection 64|url jdbc:h2:mem:011d335a-7981-4024-8355-1e807b114e35|     drop table if exists users cascade |     drop table if exists users cascade 
1779094423891|0|statement|connection 2099|url jdbc:h2:mem:457989b7-7066-4e02-91af-e5f9df04f533|     drop table if exists match_lineups cascade |     drop table if exists match_lineups cascade 
1779094423891|0|statement|connection 2098|url jdbc:h2:mem:457989b7-7066-4e02-91af-e5f9df04f533|     drop table if exists match_lineups cascade |     drop table if exists match_lineups cascade 
1779094423892|0|statement|connection 2099|url jdbc:h2:mem:457989b7-7066-4e02-91af-e5f9df04f533|     drop table if exists match_review_likes cascade |     drop table if exists match_review_likes cascade 
1779094423892|0|statement|connection 2098|url jdbc:h2:mem:457989b7-7066-4e02-91af-e5f9df04f533|     drop table if exists match_review_likes cascade |     drop table if exists match_review_likes cascade 
1779094423892|0|statement|connection 2099|url jdbc:h2:mem:457989b7-7066-4e02-91af-e5f9df04f533|     drop table if exists match_reviews cascade |     drop table if exists match_reviews cascade 
1779094423892|0|statement|connection 2098|url jdbc:h2:mem:457989b7-7066-4e02-91af-e5f9df04f533|     drop table if exists match_reviews cascade |     drop table if exists match_reviews cascade 
1779094423892|0|statement|connection 2099|url jdbc:h2:mem:457989b7-7066-4e02-91af-e5f9df04f533|     drop table if exists match_statistics cascade |     drop table if exists match_statistics cascade 
1779094423892|0|statement|connection 2098|url jdbc:h2:mem:457989b7-7066-4e02-91af-e5f9df04f533|     drop table if exists match_statistics cascade |     drop table if exists match_statistics cascade 
1779094423892|0|statement|connection 2099|url jdbc:h2:mem:457989b7-7066-4e02-91af-e5f9df04f533|     drop table if exists matches cascade |     drop table if exists matches cascade 
1779094423892|0|statement|connection 2098|url jdbc:h2:mem:457989b7-7066-4e02-91af-e5f9df04f533|     drop table if exists matches cascade |     drop table if exists matches cascade 
1779094423893|0|statement|connection 2099|url jdbc:h2:mem:457989b7-7066-4e02-91af-e5f9df04f533|     drop table if exists player_review_likes cascade |     drop table if exists player_review_likes cascade 
1779094423893|0|statement|connection 2098|url jdbc:h2:mem:457989b7-7066-4e02-91af-e5f9df04f533|     drop table if exists player_review_likes cascade |     drop table if exists player_review_likes cascade 
1779094423893|0|statement|connection 2099|url jdbc:h2:mem:457989b7-7066-4e02-91af-e5f9df04f533|     drop table if exists player_reviews cascade |     drop table if exists player_reviews cascade 
1779094423893|0|statement|connection 2098|url jdbc:h2:mem:457989b7-7066-4e02-91af-e5f9df04f533|     drop table if exists player_reviews cascade |     drop table if exists player_reviews cascade 
1779094423893|0|statement|connection 2099|url jdbc:h2:mem:457989b7-7066-4e02-91af-e5f9df04f533|     drop table if exists player_statistics cascade |     drop table if exists player_statistics cascade 
1779094423893|0|statement|connection 2098|url jdbc:h2:mem:457989b7-7066-4e02-91af-e5f9df04f533|     drop table if exists player_statistics cascade |     drop table if exists player_statistics cascade 
1779094423893|0|statement|connection 2099|url jdbc:h2:mem:457989b7-7066-4e02-91af-e5f9df04f533|     drop table if exists players cascade |     drop table if exists players cascade 
1779094423893|0|statement|connection 2098|url jdbc:h2:mem:457989b7-7066-4e02-91af-e5f9df04f533|     drop table if exists players cascade |     drop table if exists players cascade 
1779094423893|0|statement|connection 2099|url jdbc:h2:mem:457989b7-7066-4e02-91af-e5f9df04f533|     drop table if exists refresh_tokens cascade |     drop table if exists refresh_tokens cascade 
1779094423893|0|statement|connection 2098|url jdbc:h2:mem:457989b7-7066-4e02-91af-e5f9df04f533|     drop table if exists refresh_tokens cascade |     drop table if exists refresh_tokens cascade 
1779094423893|0|statement|connection 2099|url jdbc:h2:mem:457989b7-7066-4e02-91af-e5f9df04f533|     drop table if exists seasons cascade |     drop table if exists seasons cascade 
1779094423893|0|statement|connection 2098|url jdbc:h2:mem:457989b7-7066-4e02-91af-e5f9df04f533|     drop table if exists seasons cascade |     drop table if exists seasons cascade 
1779094423893|0|statement|connection 2099|url jdbc:h2:mem:457989b7-7066-4e02-91af-e5f9df04f533|     drop table if exists teams cascade |     drop table if exists teams cascade 
1779094423893|0|statement|connection 2098|url jdbc:h2:mem:457989b7-7066-4e02-91af-e5f9df04f533|     drop table if exists teams cascade |     drop table if exists teams cascade 
1779094423893|0|statement|connection 2099|url jdbc:h2:mem:457989b7-7066-4e02-91af-e5f9df04f533|     drop table if exists users cascade |     drop table if exists users cascade 
1779094423894|0|statement|connection 2098|url jdbc:h2:mem:457989b7-7066-4e02-91af-e5f9df04f533|     drop table if exists users cascade |     drop table if exists users cascade 
1779094423902|0|statement|connection 2101|url jdbc:h2:mem:4a4fd77e-4e1f-4729-a7b4-e34e9f4959b2|     drop table if exists match_lineups cascade |     drop table if exists match_lineups cascade 
1779094423902|0|statement|connection 2100|url jdbc:h2:mem:4a4fd77e-4e1f-4729-a7b4-e34e9f4959b2|     drop table if exists match_lineups cascade |     drop table if exists match_lineups cascade 
1779094423902|0|statement|connection 2101|url jdbc:h2:mem:4a4fd77e-4e1f-4729-a7b4-e34e9f4959b2|     drop table if exists match_review_likes cascade |     drop table if exists match_review_likes cascade 
1779094423902|0|statement|connection 2100|url jdbc:h2:mem:4a4fd77e-4e1f-4729-a7b4-e34e9f4959b2|     drop table if exists match_review_likes cascade |     drop table if exists match_review_likes cascade 
1779094423902|0|statement|connection 2101|url jdbc:h2:mem:4a4fd77e-4e1f-4729-a7b4-e34e9f4959b2|     drop table if exists match_reviews cascade |     drop table if exists match_reviews cascade 
1779094423902|0|statement|connection 2100|url jdbc:h2:mem:4a4fd77e-4e1f-4729-a7b4-e34e9f4959b2|     drop table if exists match_reviews cascade |     drop table if exists match_reviews cascade 
1779094423902|0|statement|connection 2101|url jdbc:h2:mem:4a4fd77e-4e1f-4729-a7b4-e34e9f4959b2|     drop table if exists match_statistics cascade |     drop table if exists match_statistics cascade 
1779094423902|0|statement|connection 2100|url jdbc:h2:mem:4a4fd77e-4e1f-4729-a7b4-e34e9f4959b2|     drop table if exists match_statistics cascade |     drop table if exists match_statistics cascade 
1779094423902|0|statement|connection 2101|url jdbc:h2:mem:4a4fd77e-4e1f-4729-a7b4-e34e9f4959b2|     drop table if exists matches cascade |     drop table if exists matches cascade 
1779094423902|0|statement|connection 2100|url jdbc:h2:mem:4a4fd77e-4e1f-4729-a7b4-e34e9f4959b2|     drop table if exists matches cascade |     drop table if exists matches cascade 
1779094423903|0|statement|connection 2101|url jdbc:h2:mem:4a4fd77e-4e1f-4729-a7b4-e34e9f4959b2|     drop table if exists player_review_likes cascade |     drop table if exists player_review_likes cascade 
1779094423903|0|statement|connection 2100|url jdbc:h2:mem:4a4fd77e-4e1f-4729-a7b4-e34e9f4959b2|     drop table if exists player_review_likes cascade |     drop table if exists player_review_likes cascade 
1779094423903|0|statement|connection 2101|url jdbc:h2:mem:4a4fd77e-4e1f-4729-a7b4-e34e9f4959b2|     drop table if exists player_reviews cascade |     drop table if exists player_reviews cascade 
1779094423903|0|statement|connection 2100|url jdbc:h2:mem:4a4fd77e-4e1f-4729-a7b4-e34e9f4959b2|     drop table if exists player_reviews cascade |     drop table if exists player_reviews cascade 
1779094423903|0|statement|connection 2101|url jdbc:h2:mem:4a4fd77e-4e1f-4729-a7b4-e34e9f4959b2|     drop table if exists player_statistics cascade |     drop table if exists player_statistics cascade 
1779094423903|0|statement|connection 2100|url jdbc:h2:mem:4a4fd77e-4e1f-4729-a7b4-e34e9f4959b2|     drop table if exists player_statistics cascade |     drop table if exists player_statistics cascade 
1779094423903|0|statement|connection 2101|url jdbc:h2:mem:4a4fd77e-4e1f-4729-a7b4-e34e9f4959b2|     drop table if exists players cascade |     drop table if exists players cascade 
1779094423903|0|statement|connection 2100|url jdbc:h2:mem:4a4fd77e-4e1f-4729-a7b4-e34e9f4959b2|     drop table if exists players cascade |     drop table if exists players cascade 
1779094423903|0|statement|connection 2101|url jdbc:h2:mem:4a4fd77e-4e1f-4729-a7b4-e34e9f4959b2|     drop table if exists refresh_tokens cascade |     drop table if exists refresh_tokens cascade 
1779094423903|0|statement|connection 2100|url jdbc:h2:mem:4a4fd77e-4e1f-4729-a7b4-e34e9f4959b2|     drop table if exists refresh_tokens cascade |     drop table if exists refresh_tokens cascade 
1779094423903|0|statement|connection 2101|url jdbc:h2:mem:4a4fd77e-4e1f-4729-a7b4-e34e9f4959b2|     drop table if exists seasons cascade |     drop table if exists seasons cascade 
1779094423903|0|statement|connection 2100|url jdbc:h2:mem:4a4fd77e-4e1f-4729-a7b4-e34e9f4959b2|     drop table if exists seasons cascade |     drop table if exists seasons cascade 
1779094423903|0|statement|connection 2101|url jdbc:h2:mem:4a4fd77e-4e1f-4729-a7b4-e34e9f4959b2|     drop table if exists teams cascade |     drop table if exists teams cascade 
1779094423904|0|statement|connection 2100|url jdbc:h2:mem:4a4fd77e-4e1f-4729-a7b4-e34e9f4959b2|     drop table if exists teams cascade |     drop table if exists teams cascade 
1779094423904|0|statement|connection 2101|url jdbc:h2:mem:4a4fd77e-4e1f-4729-a7b4-e34e9f4959b2|     drop table if exists users cascade |     drop table if exists users cascade 
1779094423904|0|statement|connection 2100|url jdbc:h2:mem:4a4fd77e-4e1f-4729-a7b4-e34e9f4959b2|     drop table if exists users cascade |     drop table if exists users cascade 
1779094423908|0|statement|connection 2102|url jdbc:h2:mem:82252c70-f88f-4398-b43e-729c56bdfaa9|     drop table if exists match_lineups cascade |     drop table if exists match_lineups cascade 
1779094423908|0|statement|connection 2102|url jdbc:h2:mem:82252c70-f88f-4398-b43e-729c56bdfaa9|     drop table if exists match_review_likes cascade |     drop table if exists match_review_likes cascade 
1779094423908|0|statement|connection 2102|url jdbc:h2:mem:82252c70-f88f-4398-b43e-729c56bdfaa9|     drop table if exists match_reviews cascade |     drop table if exists match_reviews cascade 
1779094423908|0|statement|connection 2102|url jdbc:h2:mem:82252c70-f88f-4398-b43e-729c56bdfaa9|     drop table if exists match_statistics cascade |     drop table if exists match_statistics cascade 
1779094423908|0|statement|connection 2102|url jdbc:h2:mem:82252c70-f88f-4398-b43e-729c56bdfaa9|     drop table if exists matches cascade |     drop table if exists matches cascade 
1779094423908|0|statement|connection 2102|url jdbc:h2:mem:82252c70-f88f-4398-b43e-729c56bdfaa9|     drop table if exists player_review_likes cascade |     drop table if exists player_review_likes cascade 
1779094423908|0|statement|connection 2102|url jdbc:h2:mem:82252c70-f88f-4398-b43e-729c56bdfaa9|     drop table if exists player_reviews cascade |     drop table if exists player_reviews cascade 
1779094423908|0|statement|connection 2102|url jdbc:h2:mem:82252c70-f88f-4398-b43e-729c56bdfaa9|     drop table if exists player_statistics cascade |     drop table if exists player_statistics cascade 
1779094423908|0|statement|connection 2102|url jdbc:h2:mem:82252c70-f88f-4398-b43e-729c56bdfaa9|     drop table if exists players cascade |     drop table if exists players cascade 
1779094423909|0|statement|connection 2102|url jdbc:h2:mem:82252c70-f88f-4398-b43e-729c56bdfaa9|     drop table if exists refresh_tokens cascade |     drop table if exists refresh_tokens cascade 
1779094423909|0|statement|connection 2102|url jdbc:h2:mem:82252c70-f88f-4398-b43e-729c56bdfaa9|     drop table if exists seasons cascade |     drop table if exists seasons cascade 
1779094423909|0|statement|connection 2102|url jdbc:h2:mem:82252c70-f88f-4398-b43e-729c56bdfaa9|     drop table if exists teams cascade |     drop table if exists teams cascade 
1779094423909|0|statement|connection 2102|url jdbc:h2:mem:82252c70-f88f-4398-b43e-729c56bdfaa9|     drop table if exists users cascade |     drop table if exists users cascade 
1779094423911|0|statement|connection 2103|url jdbc:h2:mem:1ab9e1be-5b86-4c14-8cf9-8f48a55d4276|     drop table if exists match_lineups cascade |     drop table if exists match_lineups cascade 
1779094423911|0|statement|connection 2103|url jdbc:h2:mem:1ab9e1be-5b86-4c14-8cf9-8f48a55d4276|     drop table if exists match_review_likes cascade |     drop table if exists match_review_likes cascade 
1779094423911|0|statement|connection 2103|url jdbc:h2:mem:1ab9e1be-5b86-4c14-8cf9-8f48a55d4276|     drop table if exists match_reviews cascade |     drop table if exists match_reviews cascade 
1779094423911|0|statement|connection 2103|url jdbc:h2:mem:1ab9e1be-5b86-4c14-8cf9-8f48a55d4276|     drop table if exists match_statistics cascade |     drop table if exists match_statistics cascade 
1779094423912|0|statement|connection 2103|url jdbc:h2:mem:1ab9e1be-5b86-4c14-8cf9-8f48a55d4276|     drop table if exists matches cascade |     drop table if exists matches cascade 
1779094423912|0|statement|connection 2103|url jdbc:h2:mem:1ab9e1be-5b86-4c14-8cf9-8f48a55d4276|     drop table if exists player_review_likes cascade |     drop table if exists player_review_likes cascade 
1779094423912|0|statement|connection 2103|url jdbc:h2:mem:1ab9e1be-5b86-4c14-8cf9-8f48a55d4276|     drop table if exists player_reviews cascade |     drop table if exists player_reviews cascade 
1779094423912|0|statement|connection 2103|url jdbc:h2:mem:1ab9e1be-5b86-4c14-8cf9-8f48a55d4276|     drop table if exists player_statistics cascade |     drop table if exists player_statistics cascade 
1779094423912|0|statement|connection 2103|url jdbc:h2:mem:1ab9e1be-5b86-4c14-8cf9-8f48a55d4276|     drop table if exists players cascade |     drop table if exists players cascade 
1779094423912|0|statement|connection 2103|url jdbc:h2:mem:1ab9e1be-5b86-4c14-8cf9-8f48a55d4276|     drop table if exists refresh_tokens cascade |     drop table if exists refresh_tokens cascade 
1779094423912|0|statement|connection 2103|url jdbc:h2:mem:1ab9e1be-5b86-4c14-8cf9-8f48a55d4276|     drop table if exists seasons cascade |     drop table if exists seasons cascade 
1779094423912|0|statement|connection 2103|url jdbc:h2:mem:1ab9e1be-5b86-4c14-8cf9-8f48a55d4276|     drop table if exists teams cascade |     drop table if exists teams cascade 
1779094423912|0|statement|connection 2103|url jdbc:h2:mem:1ab9e1be-5b86-4c14-8cf9-8f48a55d4276|     drop table if exists users cascade |     drop table if exists users cascade 
1779094423913|0|statement|connection 2104|url jdbc:h2:mem:0e664504-6467-4c66-8e95-4aa53f292315|     drop table if exists match_lineups cascade |     drop table if exists match_lineups cascade 
1779094423914|0|statement|connection 2104|url jdbc:h2:mem:0e664504-6467-4c66-8e95-4aa53f292315|     drop table if exists match_review_likes cascade |     drop table if exists match_review_likes cascade 
1779094423914|0|statement|connection 2104|url jdbc:h2:mem:0e664504-6467-4c66-8e95-4aa53f292315|     drop table if exists match_reviews cascade |     drop table if exists match_reviews cascade 
1779094423914|0|statement|connection 2104|url jdbc:h2:mem:0e664504-6467-4c66-8e95-4aa53f292315|     drop table if exists match_statistics cascade |     drop table if exists match_statistics cascade 
1779094423914|0|statement|connection 2104|url jdbc:h2:mem:0e664504-6467-4c66-8e95-4aa53f292315|     drop table if exists matches cascade |     drop table if exists matches cascade 
1779094423914|0|statement|connection 2104|url jdbc:h2:mem:0e664504-6467-4c66-8e95-4aa53f292315|     drop table if exists player_review_likes cascade |     drop table if exists player_review_likes cascade 
1779094423914|0|statement|connection 2104|url jdbc:h2:mem:0e664504-6467-4c66-8e95-4aa53f292315|     drop table if exists player_reviews cascade |     drop table if exists player_reviews cascade 
1779094423914|0|statement|connection 2104|url jdbc:h2:mem:0e664504-6467-4c66-8e95-4aa53f292315|     drop table if exists player_statistics cascade |     drop table if exists player_statistics cascade 
1779094423914|0|statement|connection 2104|url jdbc:h2:mem:0e664504-6467-4c66-8e95-4aa53f292315|     drop table if exists players cascade |     drop table if exists players cascade 
1779094423914|0|statement|connection 2104|url jdbc:h2:mem:0e664504-6467-4c66-8e95-4aa53f292315|     drop table if exists refresh_tokens cascade |     drop table if exists refresh_tokens cascade 
1779094423915|0|statement|connection 2104|url jdbc:h2:mem:0e664504-6467-4c66-8e95-4aa53f292315|     drop table if exists seasons cascade |     drop table if exists seasons cascade 
1779094423915|0|statement|connection 2104|url jdbc:h2:mem:0e664504-6467-4c66-8e95-4aa53f292315|     drop table if exists teams cascade |     drop table if exists teams cascade 
1779094423915|0|statement|connection 2104|url jdbc:h2:mem:0e664504-6467-4c66-8e95-4aa53f292315|     drop table if exists users cascade |     drop table if exists users cascade 
1779094423916|0|statement|connection 2105|url jdbc:h2:mem:651c2a2d-fb83-418f-8ef8-b802e22561e6|     drop table if exists match_lineups cascade |     drop table if exists match_lineups cascade 
1779094423917|0|statement|connection 2105|url jdbc:h2:mem:651c2a2d-fb83-418f-8ef8-b802e22561e6|     drop table if exists match_review_likes cascade |     drop table if exists match_review_likes cascade 
1779094423917|0|statement|connection 2105|url jdbc:h2:mem:651c2a2d-fb83-418f-8ef8-b802e22561e6|     drop table if exists match_reviews cascade |     drop table if exists match_reviews cascade 
1779094423917|0|statement|connection 2105|url jdbc:h2:mem:651c2a2d-fb83-418f-8ef8-b802e22561e6|     drop table if exists match_statistics cascade |     drop table if exists match_statistics cascade 
1779094423917|0|statement|connection 2105|url jdbc:h2:mem:651c2a2d-fb83-418f-8ef8-b802e22561e6|     drop table if exists matches cascade |     drop table if exists matches cascade 
1779094423917|0|statement|connection 2105|url jdbc:h2:mem:651c2a2d-fb83-418f-8ef8-b802e22561e6|     drop table if exists player_review_likes cascade |     drop table if exists player_review_likes cascade 
1779094423917|0|statement|connection 2105|url jdbc:h2:mem:651c2a2d-fb83-418f-8ef8-b802e22561e6|     drop table if exists player_reviews cascade |     drop table if exists player_reviews cascade 
1779094423917|0|statement|connection 2105|url jdbc:h2:mem:651c2a2d-fb83-418f-8ef8-b802e22561e6|     drop table if exists player_statistics cascade |     drop table if exists player_statistics cascade 
1779094423917|0|statement|connection 2105|url jdbc:h2:mem:651c2a2d-fb83-418f-8ef8-b802e22561e6|     drop table if exists players cascade |     drop table if exists players cascade 
1779094423917|0|statement|connection 2105|url jdbc:h2:mem:651c2a2d-fb83-418f-8ef8-b802e22561e6|     drop table if exists refresh_tokens cascade |     drop table if exists refresh_tokens cascade 
1779094423917|0|statement|connection 2105|url jdbc:h2:mem:651c2a2d-fb83-418f-8ef8-b802e22561e6|     drop table if exists seasons cascade |     drop table if exists seasons cascade 
1779094423917|0|statement|connection 2105|url jdbc:h2:mem:651c2a2d-fb83-418f-8ef8-b802e22561e6|     drop table if exists teams cascade |     drop table if exists teams cascade 
1779094423917|0|statement|connection 2105|url jdbc:h2:mem:651c2a2d-fb83-418f-8ef8-b802e22561e6|     drop table if exists users cascade |     drop table if exists users cascade 
1779094423918|0|statement|connection 2106|url jdbc:h2:mem:113849c8-20a4-47e2-b92c-014fe50519ea|     drop table if exists match_lineups cascade |     drop table if exists match_lineups cascade 
1779094423918|0|statement|connection 2106|url jdbc:h2:mem:113849c8-20a4-47e2-b92c-014fe50519ea|     drop table if exists match_review_likes cascade |     drop table if exists match_review_likes cascade 
1779094423918|0|statement|connection 2106|url jdbc:h2:mem:113849c8-20a4-47e2-b92c-014fe50519ea|     drop table if exists match_reviews cascade |     drop table if exists match_reviews cascade 
1779094423918|0|statement|connection 2106|url jdbc:h2:mem:113849c8-20a4-47e2-b92c-014fe50519ea|     drop table if exists match_statistics cascade |     drop table if exists match_statistics cascade 
1779094423918|0|statement|connection 2106|url jdbc:h2:mem:113849c8-20a4-47e2-b92c-014fe50519ea|     drop table if exists matches cascade |     drop table if exists matches cascade 
1779094423919|0|statement|connection 2106|url jdbc:h2:mem:113849c8-20a4-47e2-b92c-014fe50519ea|     drop table if exists player_review_likes cascade |     drop table if exists player_review_likes cascade 
1779094423919|0|statement|connection 2106|url jdbc:h2:mem:113849c8-20a4-47e2-b92c-014fe50519ea|     drop table if exists player_reviews cascade |     drop table if exists player_reviews cascade 
1779094423919|0|statement|connection 2106|url jdbc:h2:mem:113849c8-20a4-47e2-b92c-014fe50519ea|     drop table if exists player_statistics cascade |     drop table if exists player_statistics cascade 
1779094423919|0|statement|connection 2106|url jdbc:h2:mem:113849c8-20a4-47e2-b92c-014fe50519ea|     drop table if exists players cascade |     drop table if exists players cascade 
1779094423919|0|statement|connection 2106|url jdbc:h2:mem:113849c8-20a4-47e2-b92c-014fe50519ea|     drop table if exists refresh_tokens cascade |     drop table if exists refresh_tokens cascade 
1779094423919|0|statement|connection 2106|url jdbc:h2:mem:113849c8-20a4-47e2-b92c-014fe50519ea|     drop table if exists seasons cascade |     drop table if exists seasons cascade 
1779094423919|0|statement|connection 2106|url jdbc:h2:mem:113849c8-20a4-47e2-b92c-014fe50519ea|     drop table if exists teams cascade |     drop table if exists teams cascade 
1779094423919|0|statement|connection 2106|url jdbc:h2:mem:113849c8-20a4-47e2-b92c-014fe50519ea|     drop table if exists users cascade |     drop table if exists users cascade 
1779731063053|0|statement|connection 2099|url jdbc:h2:mem:8a308f60-88cf-4f17-aca5-3d6615e073b2|     drop table if exists match_lineups cascade |     drop table if exists match_lineups cascade 
1779731063053|0|statement|connection 2098|url jdbc:h2:mem:8a308f60-88cf-4f17-aca5-3d6615e073b2|     drop table if exists match_lineups cascade |     drop table if exists match_lineups cascade 
1779731063053|0|statement|connection 2099|url jdbc:h2:mem:8a308f60-88cf-4f17-aca5-3d6615e073b2|     drop table if exists match_review_likes cascade |     drop table if exists match_review_likes cascade 
1779731063053|0|statement|connection 2098|url jdbc:h2:mem:8a308f60-88cf-4f17-aca5-3d6615e073b2|     drop table if exists match_review_likes cascade |     drop table if exists match_review_likes cascade 
1779731063054|0|statement|connection 2099|url jdbc:h2:mem:8a308f60-88cf-4f17-aca5-3d6615e073b2|     drop table if exists match_reviews cascade |     drop table if exists match_reviews cascade 
1779731063054|0|statement|connection 2098|url jdbc:h2:mem:8a308f60-88cf-4f17-aca5-3d6615e073b2|     drop table if exists match_reviews cascade |     drop table if exists match_reviews cascade 
1779731063054|0|statement|connection 2099|url jdbc:h2:mem:8a308f60-88cf-4f17-aca5-3d6615e073b2|     drop table if exists match_statistics cascade |     drop table if exists match_statistics cascade 
1779731063054|0|statement|connection 2098|url jdbc:h2:mem:8a308f60-88cf-4f17-aca5-3d6615e073b2|     drop table if exists match_statistics cascade |     drop table if exists match_statistics cascade 
1779731063054|0|statement|connection 2099|url jdbc:h2:mem:8a308f60-88cf-4f17-aca5-3d6615e073b2|     drop table if exists matches cascade |     drop table if exists matches cascade 
1779731063054|0|statement|connection 2098|url jdbc:h2:mem:8a308f60-88cf-4f17-aca5-3d6615e073b2|     drop table if exists matches cascade |     drop table if exists matches cascade 
1779731063054|0|statement|connection 2099|url jdbc:h2:mem:8a308f60-88cf-4f17-aca5-3d6615e073b2|     drop table if exists player_review_likes cascade |     drop table if exists player_review_likes cascade 
1779731063054|0|statement|connection 2098|url jdbc:h2:mem:8a308f60-88cf-4f17-aca5-3d6615e073b2|     drop table if exists player_review_likes cascade |     drop table if exists player_review_likes cascade 
1779731063054|0|statement|connection 2099|url jdbc:h2:mem:8a308f60-88cf-4f17-aca5-3d6615e073b2|     drop table if exists player_reviews cascade |     drop table if exists player_reviews cascade 
1779731063054|0|statement|connection 2098|url jdbc:h2:mem:8a308f60-88cf-4f17-aca5-3d6615e073b2|     drop table if exists player_reviews cascade |     drop table if exists player_reviews cascade 
1779731063054|0|statement|connection 2099|url jdbc:h2:mem:8a308f60-88cf-4f17-aca5-3d6615e073b2|     drop table if exists player_statistics cascade |     drop table if exists player_statistics cascade 
1779731063054|0|statement|connection 2098|url jdbc:h2:mem:8a308f60-88cf-4f17-aca5-3d6615e073b2|     drop table if exists player_statistics cascade |     drop table if exists player_statistics cascade 
1779731063054|0|statement|connection 2099|url jdbc:h2:mem:8a308f60-88cf-4f17-aca5-3d6615e073b2|     drop table if exists players cascade |     drop table if exists players cascade 
1779731063054|0|statement|connection 2098|url jdbc:h2:mem:8a308f60-88cf-4f17-aca5-3d6615e073b2|     drop table if exists players cascade |     drop table if exists players cascade 
1779731063054|0|statement|connection 2099|url jdbc:h2:mem:8a308f60-88cf-4f17-aca5-3d6615e073b2|     drop table if exists refresh_tokens cascade |     drop table if exists refresh_tokens cascade 
1779731063054|0|statement|connection 2098|url jdbc:h2:mem:8a308f60-88cf-4f17-aca5-3d6615e073b2|     drop table if exists refresh_tokens cascade |     drop table if exists refresh_tokens cascade 
1779731063054|0|statement|connection 2099|url jdbc:h2:mem:8a308f60-88cf-4f17-aca5-3d6615e073b2|     drop table if exists seasons cascade |     drop table if exists seasons cascade 
1779731063054|0|statement|connection 2098|url jdbc:h2:mem:8a308f60-88cf-4f17-aca5-3d6615e073b2|     drop table if exists seasons cascade |     drop table if exists seasons cascade 
1779731063054|0|statement|connection 2099|url jdbc:h2:mem:8a308f60-88cf-4f17-aca5-3d6615e073b2|     drop table if exists teams cascade |     drop table if exists teams cascade 
1779731063054|0|statement|connection 2098|url jdbc:h2:mem:8a308f60-88cf-4f17-aca5-3d6615e073b2|     drop table if exists teams cascade |     drop table if exists teams cascade 
1779731063054|0|statement|connection 2099|url jdbc:h2:mem:8a308f60-88cf-4f17-aca5-3d6615e073b2|     drop table if exists users cascade |     drop table if exists users cascade 
1779731063054|0|statement|connection 2098|url jdbc:h2:mem:8a308f60-88cf-4f17-aca5-3d6615e073b2|     drop table if exists users cascade |     drop table if exists users cascade 
1779731063064|0|statement|connection 2101|url jdbc:h2:mem:da2da2e8-392e-4b88-9cc7-77e1d68c8d81|     drop table if exists match_lineups cascade |     drop table if exists match_lineups cascade 
1779731063064|0|statement|connection 2100|url jdbc:h2:mem:da2da2e8-392e-4b88-9cc7-77e1d68c8d81|     drop table if exists match_lineups cascade |     drop table if exists match_lineups cascade 
1779731063064|0|statement|connection 2101|url jdbc:h2:mem:da2da2e8-392e-4b88-9cc7-77e1d68c8d81|     drop table if exists match_review_likes cascade |     drop table if exists match_review_likes cascade 
1779731063064|0|statement|connection 2100|url jdbc:h2:mem:da2da2e8-392e-4b88-9cc7-77e1d68c8d81|     drop table if exists match_review_likes cascade |     drop table if exists match_review_likes cascade 
1779731063064|0|statement|connection 2101|url jdbc:h2:mem:da2da2e8-392e-4b88-9cc7-77e1d68c8d81|     drop table if exists match_reviews cascade |     drop table if exists match_reviews cascade 
1779731063064|0|statement|connection 2100|url jdbc:h2:mem:da2da2e8-392e-4b88-9cc7-77e1d68c8d81|     drop table if exists match_reviews cascade |     drop table if exists match_reviews cascade 
1779731063064|0|statement|connection 2101|url jdbc:h2:mem:da2da2e8-392e-4b88-9cc7-77e1d68c8d81|     drop table if exists match_statistics cascade |     drop table if exists match_statistics cascade 
1779731063064|0|statement|connection 2100|url jdbc:h2:mem:da2da2e8-392e-4b88-9cc7-77e1d68c8d81|     drop table if exists match_statistics cascade |     drop table if exists match_statistics cascade 
1779731063064|0|statement|connection 2101|url jdbc:h2:mem:da2da2e8-392e-4b88-9cc7-77e1d68c8d81|     drop table if exists matches cascade |     drop table if exists matches cascade 
1779731063064|0|statement|connection 2100|url jdbc:h2:mem:da2da2e8-392e-4b88-9cc7-77e1d68c8d81|     drop table if exists matches cascade |     drop table if exists matches cascade 
1779731063064|0|statement|connection 2101|url jdbc:h2:mem:da2da2e8-392e-4b88-9cc7-77e1d68c8d81|     drop table if exists player_review_likes cascade |     drop table if exists player_review_likes cascade 
1779731063064|0|statement|connection 2100|url jdbc:h2:mem:da2da2e8-392e-4b88-9cc7-77e1d68c8d81|     drop table if exists player_review_likes cascade |     drop table if exists player_review_likes cascade 
1779731063064|0|statement|connection 2101|url jdbc:h2:mem:da2da2e8-392e-4b88-9cc7-77e1d68c8d81|     drop table if exists player_reviews cascade |     drop table if exists player_reviews cascade 
1779731063064|0|statement|connection 2100|url jdbc:h2:mem:da2da2e8-392e-4b88-9cc7-77e1d68c8d81|     drop table if exists player_reviews cascade |     drop table if exists player_reviews cascade 
1779731063064|0|statement|connection 2101|url jdbc:h2:mem:da2da2e8-392e-4b88-9cc7-77e1d68c8d81|     drop table if exists player_statistics cascade |     drop table if exists player_statistics cascade 
1779731063064|0|statement|connection 2100|url jdbc:h2:mem:da2da2e8-392e-4b88-9cc7-77e1d68c8d81|     drop table if exists player_statistics cascade |     drop table if exists player_statistics cascade 
1779731063064|0|statement|connection 2101|url jdbc:h2:mem:da2da2e8-392e-4b88-9cc7-77e1d68c8d81|     drop table if exists players cascade |     drop table if exists players cascade 
1779731063064|0|statement|connection 2100|url jdbc:h2:mem:da2da2e8-392e-4b88-9cc7-77e1d68c8d81|     drop table if exists players cascade |     drop table if exists players cascade 
1779731063065|0|statement|connection 2101|url jdbc:h2:mem:da2da2e8-392e-4b88-9cc7-77e1d68c8d81|     drop table if exists refresh_tokens cascade |     drop table if exists refresh_tokens cascade 
1779731063065|0|statement|connection 2100|url jdbc:h2:mem:da2da2e8-392e-4b88-9cc7-77e1d68c8d81|     drop table if exists refresh_tokens cascade |     drop table if exists refresh_tokens cascade 
1779731063065|0|statement|connection 2101|url jdbc:h2:mem:da2da2e8-392e-4b88-9cc7-77e1d68c8d81|     drop table if exists seasons cascade |     drop table if exists seasons cascade 
1779731063065|0|statement|connection 2100|url jdbc:h2:mem:da2da2e8-392e-4b88-9cc7-77e1d68c8d81|     drop table if exists seasons cascade |     drop table if exists seasons cascade 
1779731063065|0|statement|connection 2101|url jdbc:h2:mem:da2da2e8-392e-4b88-9cc7-77e1d68c8d81|     drop table if exists teams cascade |     drop table if exists teams cascade 
1779731063065|0|statement|connection 2100|url jdbc:h2:mem:da2da2e8-392e-4b88-9cc7-77e1d68c8d81|     drop table if exists teams cascade |     drop table if exists teams cascade 
1779731063065|0|statement|connection 2101|url jdbc:h2:mem:da2da2e8-392e-4b88-9cc7-77e1d68c8d81|     drop table if exists users cascade |     drop table if exists users cascade 
1779731063065|0|statement|connection 2100|url jdbc:h2:mem:da2da2e8-392e-4b88-9cc7-77e1d68c8d81|     drop table if exists users cascade |     drop table if exists users cascade 
1779731063068|0|statement|connection 2102|url jdbc:h2:mem:3e03691d-a19e-4d6e-957d-e7194ce864df|     drop table if exists match_lineups cascade |     drop table if exists match_lineups cascade 
1779731063068|0|statement|connection 2102|url jdbc:h2:mem:3e03691d-a19e-4d6e-957d-e7194ce864df|     drop table if exists match_review_likes cascade |     drop table if exists match_review_likes cascade 
1779731063068|0|statement|connection 2102|url jdbc:h2:mem:3e03691d-a19e-4d6e-957d-e7194ce864df|     drop table if exists match_reviews cascade |     drop table if exists match_reviews cascade 
1779731063068|0|statement|connection 2102|url jdbc:h2:mem:3e03691d-a19e-4d6e-957d-e7194ce864df|     drop table if exists match_statistics cascade |     drop table if exists match_statistics cascade 
1779731063069|0|statement|connection 2102|url jdbc:h2:mem:3e03691d-a19e-4d6e-957d-e7194ce864df|     drop table if exists matches cascade |     drop table if exists matches cascade 
1779731063069|0|statement|connection 2102|url jdbc:h2:mem:3e03691d-a19e-4d6e-957d-e7194ce864df|     drop table if exists player_review_likes cascade |     drop table if exists player_review_likes cascade 
1779731063069|0|statement|connection 2102|url jdbc:h2:mem:3e03691d-a19e-4d6e-957d-e7194ce864df|     drop table if exists player_reviews cascade |     drop table if exists player_reviews cascade 
1779731063069|0|statement|connection 2102|url jdbc:h2:mem:3e03691d-a19e-4d6e-957d-e7194ce864df|     drop table if exists player_statistics cascade |     drop table if exists player_statistics cascade 
1779731063069|0|statement|connection 2102|url jdbc:h2:mem:3e03691d-a19e-4d6e-957d-e7194ce864df|     drop table if exists players cascade |     drop table if exists players cascade 
1779731063069|0|statement|connection 2102|url jdbc:h2:mem:3e03691d-a19e-4d6e-957d-e7194ce864df|     drop table if exists refresh_tokens cascade |     drop table if exists refresh_tokens cascade 
1779731063069|0|statement|connection 2102|url jdbc:h2:mem:3e03691d-a19e-4d6e-957d-e7194ce864df|     drop table if exists seasons cascade |     drop table if exists seasons cascade 
1779731063069|0|statement|connection 2102|url jdbc:h2:mem:3e03691d-a19e-4d6e-957d-e7194ce864df|     drop table if exists teams cascade |     drop table if exists teams cascade 
1779731063069|0|statement|connection 2102|url jdbc:h2:mem:3e03691d-a19e-4d6e-957d-e7194ce864df|     drop table if exists users cascade |     drop table if exists users cascade 
1779731063070|0|statement|connection 2103|url jdbc:h2:mem:a9ccea78-a1b8-489b-8a25-5423168053cf|     drop table if exists match_lineups cascade |     drop table if exists match_lineups cascade 
1779731063070|0|statement|connection 2103|url jdbc:h2:mem:a9ccea78-a1b8-489b-8a25-5423168053cf|     drop table if exists match_review_likes cascade |     drop table if exists match_review_likes cascade 
1779731063070|0|statement|connection 2103|url jdbc:h2:mem:a9ccea78-a1b8-489b-8a25-5423168053cf|     drop table if exists match_reviews cascade |     drop table if exists match_reviews cascade 
1779731063070|0|statement|connection 2103|url jdbc:h2:mem:a9ccea78-a1b8-489b-8a25-5423168053cf|     drop table if exists match_statistics cascade |     drop table if exists match_statistics cascade 
1779731063071|0|statement|connection 2103|url jdbc:h2:mem:a9ccea78-a1b8-489b-8a25-5423168053cf|     drop table if exists matches cascade |     drop table if exists matches cascade 
1779731063071|0|statement|connection 2103|url jdbc:h2:mem:a9ccea78-a1b8-489b-8a25-5423168053cf|     drop table if exists player_review_likes cascade |     drop table if exists player_review_likes cascade 
1779731063071|0|statement|connection 2103|url jdbc:h2:mem:a9ccea78-a1b8-489b-8a25-5423168053cf|     drop table if exists player_reviews cascade |     drop table if exists player_reviews cascade 
1779731063071|0|statement|connection 2103|url jdbc:h2:mem:a9ccea78-a1b8-489b-8a25-5423168053cf|     drop table if exists player_statistics cascade |     drop table if exists player_statistics cascade 
1779731063071|0|statement|connection 2103|url jdbc:h2:mem:a9ccea78-a1b8-489b-8a25-5423168053cf|     drop table if exists players cascade |     drop table if exists players cascade 
1779731063071|0|statement|connection 2103|url jdbc:h2:mem:a9ccea78-a1b8-489b-8a25-5423168053cf|     drop table if exists refresh_tokens cascade |     drop table if exists refresh_tokens cascade 
1779731063071|0|statement|connection 2103|url jdbc:h2:mem:a9ccea78-a1b8-489b-8a25-5423168053cf|     drop table if exists seasons cascade |     drop table if exists seasons cascade 
1779731063071|0|statement|connection 2103|url jdbc:h2:mem:a9ccea78-a1b8-489b-8a25-5423168053cf|     drop table if exists teams cascade |     drop table if exists teams cascade 
1779731063071|0|statement|connection 2103|url jdbc:h2:mem:a9ccea78-a1b8-489b-8a25-5423168053cf|     drop table if exists users cascade |     drop table if exists users cascade 
1779731063072|0|statement|connection 2104|url jdbc:h2:mem:fdebc9b7-a478-4b2c-a110-c279e0a65d0e|     drop table if exists match_lineups cascade |     drop table if exists match_lineups cascade 
1779731063072|0|statement|connection 2104|url jdbc:h2:mem:fdebc9b7-a478-4b2c-a110-c279e0a65d0e|     drop table if exists match_review_likes cascade |     drop table if exists match_review_likes cascade 
1779731063073|0|statement|connection 2104|url jdbc:h2:mem:fdebc9b7-a478-4b2c-a110-c279e0a65d0e|     drop table if exists match_reviews cascade |     drop table if exists match_reviews cascade 
1779731063073|0|statement|connection 2104|url jdbc:h2:mem:fdebc9b7-a478-4b2c-a110-c279e0a65d0e|     drop table if exists match_statistics cascade |     drop table if exists match_statistics cascade 
1779731063073|0|statement|connection 2104|url jdbc:h2:mem:fdebc9b7-a478-4b2c-a110-c279e0a65d0e|     drop table if exists matches cascade |     drop table if exists matches cascade 
1779731063073|0|statement|connection 2104|url jdbc:h2:mem:fdebc9b7-a478-4b2c-a110-c279e0a65d0e|     drop table if exists player_review_likes cascade |     drop table if exists player_review_likes cascade 
1779731063073|0|statement|connection 2104|url jdbc:h2:mem:fdebc9b7-a478-4b2c-a110-c279e0a65d0e|     drop table if exists player_reviews cascade |     drop table if exists player_reviews cascade 
1779731063073|0|statement|connection 2104|url jdbc:h2:mem:fdebc9b7-a478-4b2c-a110-c279e0a65d0e|     drop table if exists player_statistics cascade |     drop table if exists player_statistics cascade 
1779731063073|0|statement|connection 2104|url jdbc:h2:mem:fdebc9b7-a478-4b2c-a110-c279e0a65d0e|     drop table if exists players cascade |     drop table if exists players cascade 
1779731063073|0|statement|connection 2104|url jdbc:h2:mem:fdebc9b7-a478-4b2c-a110-c279e0a65d0e|     drop table if exists refresh_tokens cascade |     drop table if exists refresh_tokens cascade 
1779731063073|0|statement|connection 2104|url jdbc:h2:mem:fdebc9b7-a478-4b2c-a110-c279e0a65d0e|     drop table if exists seasons cascade |     drop table if exists seasons cascade 
1779731063073|0|statement|connection 2104|url jdbc:h2:mem:fdebc9b7-a478-4b2c-a110-c279e0a65d0e|     drop table if exists teams cascade |     drop table if exists teams cascade 
1779731063073|0|statement|connection 2104|url jdbc:h2:mem:fdebc9b7-a478-4b2c-a110-c279e0a65d0e|     drop table if exists users cascade |     drop table if exists users cascade 
1779731063074|0|statement|connection 2105|url jdbc:h2:mem:f3723174-26fe-468e-943b-3d966f9cba0a|     drop table if exists match_lineups cascade |     drop table if exists match_lineups cascade 
1779731063074|0|statement|connection 2105|url jdbc:h2:mem:f3723174-26fe-468e-943b-3d966f9cba0a|     drop table if exists match_review_likes cascade |     drop table if exists match_review_likes cascade 
1779731063074|0|statement|connection 2105|url jdbc:h2:mem:f3723174-26fe-468e-943b-3d966f9cba0a|     drop table if exists match_reviews cascade |     drop table if exists match_reviews cascade 
1779731063074|0|statement|connection 2105|url jdbc:h2:mem:f3723174-26fe-468e-943b-3d966f9cba0a|     drop table if exists match_statistics cascade |     drop table if exists match_statistics cascade 
1779731063075|0|statement|connection 2105|url jdbc:h2:mem:f3723174-26fe-468e-943b-3d966f9cba0a|     drop table if exists matches cascade |     drop table if exists matches cascade 
1779731063075|0|statement|connection 2105|url jdbc:h2:mem:f3723174-26fe-468e-943b-3d966f9cba0a|     drop table if exists player_review_likes cascade |     drop table if exists player_review_likes cascade 
1779731063075|0|statement|connection 2105|url jdbc:h2:mem:f3723174-26fe-468e-943b-3d966f9cba0a|     drop table if exists player_reviews cascade |     drop table if exists player_reviews cascade 
1779731063075|0|statement|connection 2105|url jdbc:h2:mem:f3723174-26fe-468e-943b-3d966f9cba0a|     drop table if exists player_statistics cascade |     drop table if exists player_statistics cascade 
1779731063075|0|statement|connection 2105|url jdbc:h2:mem:f3723174-26fe-468e-943b-3d966f9cba0a|     drop table if exists players cascade |     drop table if exists players cascade 
1779731063075|0|statement|connection 2105|url jdbc:h2:mem:f3723174-26fe-468e-943b-3d966f9cba0a|     drop table if exists refresh_tokens cascade |     drop table if exists refresh_tokens cascade 
1779731063075|0|statement|connection 2105|url jdbc:h2:mem:f3723174-26fe-468e-943b-3d966f9cba0a|     drop table if exists seasons cascade |     drop table if exists seasons cascade 
1779731063075|0|statement|connection 2105|url jdbc:h2:mem:f3723174-26fe-468e-943b-3d966f9cba0a|     drop table if exists teams cascade |     drop table if exists teams cascade 
1779731063075|0|statement|connection 2105|url jdbc:h2:mem:f3723174-26fe-468e-943b-3d966f9cba0a|     drop table if exists users cascade |     drop table if exists users cascade 
1779731063076|0|statement|connection 2106|url jdbc:h2:mem:7b006d14-260f-4b7b-ad83-9c237794b8f7|     drop table if exists match_lineups cascade |     drop table if exists match_lineups cascade 
1779731063076|0|statement|connection 2106|url jdbc:h2:mem:7b006d14-260f-4b7b-ad83-9c237794b8f7|     drop table if exists match_review_likes cascade |     drop table if exists match_review_likes cascade 
1779731063076|0|statement|connection 2106|url jdbc:h2:mem:7b006d14-260f-4b7b-ad83-9c237794b8f7|     drop table if exists match_reviews cascade |     drop table if exists match_reviews cascade 
1779731063076|0|statement|connection 2106|url jdbc:h2:mem:7b006d14-260f-4b7b-ad83-9c237794b8f7|     drop table if exists match_statistics cascade |     drop table if exists match_statistics cascade 
1779731063076|0|statement|connection 2106|url jdbc:h2:mem:7b006d14-260f-4b7b-ad83-9c237794b8f7|     drop table if exists matches cascade |     drop table if exists matches cascade 
1779731063076|0|statement|connection 2106|url jdbc:h2:mem:7b006d14-260f-4b7b-ad83-9c237794b8f7|     drop table if exists player_review_likes cascade |     drop table if exists player_review_likes cascade 
1779731063076|0|statement|connection 2106|url jdbc:h2:mem:7b006d14-260f-4b7b-ad83-9c237794b8f7|     drop table if exists player_reviews cascade |     drop table if exists player_reviews cascade 
1779731063076|0|statement|connection 2106|url jdbc:h2:mem:7b006d14-260f-4b7b-ad83-9c237794b8f7|     drop table if exists player_statistics cascade |     drop table if exists player_statistics cascade 
1779731063076|0|statement|connection 2106|url jdbc:h2:mem:7b006d14-260f-4b7b-ad83-9c237794b8f7|     drop table if exists players cascade |     drop table if exists players cascade 
1779731063076|0|statement|connection 2106|url jdbc:h2:mem:7b006d14-260f-4b7b-ad83-9c237794b8f7|     drop table if exists refresh_tokens cascade |     drop table if exists refresh_tokens cascade 
1779731063076|0|statement|connection 2106|url jdbc:h2:mem:7b006d14-260f-4b7b-ad83-9c237794b8f7|     drop table if exists seasons cascade |     drop table if exists seasons cascade 
1779731063076|0|statement|connection 2106|url jdbc:h2:mem:7b006d14-260f-4b7b-ad83-9c237794b8f7|     drop table if exists teams cascade |     drop table if exists teams cascade 
1779731063077|0|statement|connection 2106|url jdbc:h2:mem:7b006d14-260f-4b7b-ad83-9c237794b8f7|     drop table if exists users cascade |     drop table if exists users cascade 
1779782517840|0|statement|connection 37|url jdbc:h2:mem:982ccd09-832a-4118-8ac0-782408956d49|     drop table if exists match_lineups cascade |     drop table if exists match_lineups cascade 
1779782517841|1|statement|connection 36|url jdbc:h2:mem:982ccd09-832a-4118-8ac0-782408956d49|     drop table if exists match_lineups cascade |     drop table if exists match_lineups cascade 
1779782517841|0|statement|connection 37|url jdbc:h2:mem:982ccd09-832a-4118-8ac0-782408956d49|     drop table if exists match_review_likes cascade |     drop table if exists match_review_likes cascade 
1779782517841|0|statement|connection 36|url jdbc:h2:mem:982ccd09-832a-4118-8ac0-782408956d49|     drop table if exists match_review_likes cascade |     drop table if exists match_review_likes cascade 
1779782517842|0|statement|connection 37|url jdbc:h2:mem:982ccd09-832a-4118-8ac0-782408956d49|     drop table if exists match_reviews cascade |     drop table if exists match_reviews cascade 
1779782517842|0|statement|connection 36|url jdbc:h2:mem:982ccd09-832a-4118-8ac0-782408956d49|     drop table if exists match_reviews cascade |     drop table if exists match_reviews cascade 
1779782517842|0|statement|connection 37|url jdbc:h2:mem:982ccd09-832a-4118-8ac0-782408956d49|     drop table if exists match_statistics cascade |     drop table if exists match_statistics cascade 
1779782517842|0|statement|connection 36|url jdbc:h2:mem:982ccd09-832a-4118-8ac0-782408956d49|     drop table if exists match_statistics cascade |     drop table if exists match_statistics cascade 
1779782517842|0|statement|connection 37|url jdbc:h2:mem:982ccd09-832a-4118-8ac0-782408956d49|     drop table if exists matches cascade |     drop table if exists matches cascade 
1779782517842|0|statement|connection 36|url jdbc:h2:mem:982ccd09-832a-4118-8ac0-782408956d49|     drop table if exists matches cascade |     drop table if exists matches cascade 
1779782517842|0|statement|connection 37|url jdbc:h2:mem:982ccd09-832a-4118-8ac0-782408956d49|     drop table if exists player_review_likes cascade |     drop table if exists player_review_likes cascade 
1779782517842|0|statement|connection 36|url jdbc:h2:mem:982ccd09-832a-4118-8ac0-782408956d49|     drop table if exists player_review_likes cascade |     drop table if exists player_review_likes cascade 
1779782517843|0|statement|connection 37|url jdbc:h2:mem:982ccd09-832a-4118-8ac0-782408956d49|     drop table if exists player_reviews cascade |     drop table if exists player_reviews cascade 
1779782517843|0|statement|connection 36|url jdbc:h2:mem:982ccd09-832a-4118-8ac0-782408956d49|     drop table if exists player_reviews cascade |     drop table if exists player_reviews cascade 
1779782517843|0|statement|connection 37|url jdbc:h2:mem:982ccd09-832a-4118-8ac0-782408956d49|     drop table if exists player_statistics cascade |     drop table if exists player_statistics cascade 
1779782517843|0|statement|connection 36|url jdbc:h2:mem:982ccd09-832a-4118-8ac0-782408956d49|     drop table if exists player_statistics cascade |     drop table if exists player_statistics cascade 
1779782517843|0|statement|connection 37|url jdbc:h2:mem:982ccd09-832a-4118-8ac0-782408956d49|     drop table if exists players cascade |     drop table if exists players cascade 
1779782517843|0|statement|connection 36|url jdbc:h2:mem:982ccd09-832a-4118-8ac0-782408956d49|     drop table if exists players cascade |     drop table if exists players cascade 
1779782517843|0|statement|connection 37|url jdbc:h2:mem:982ccd09-832a-4118-8ac0-782408956d49|     drop table if exists refresh_tokens cascade |     drop table if exists refresh_tokens cascade 
1779782517843|0|statement|connection 36|url jdbc:h2:mem:982ccd09-832a-4118-8ac0-782408956d49|     drop table if exists refresh_tokens cascade |     drop table if exists refresh_tokens cascade 
1779782517843|0|statement|connection 37|url jdbc:h2:mem:982ccd09-832a-4118-8ac0-782408956d49|     drop table if exists seasons cascade |     drop table if exists seasons cascade 
1779782517843|0|statement|connection 36|url jdbc:h2:mem:982ccd09-832a-4118-8ac0-782408956d49|     drop table if exists seasons cascade |     drop table if exists seasons cascade 
1779782517844|0|statement|connection 37|url jdbc:h2:mem:982ccd09-832a-4118-8ac0-782408956d49|     drop table if exists teams cascade |     drop table if exists teams cascade 
1779782517844|0|statement|connection 36|url jdbc:h2:mem:982ccd09-832a-4118-8ac0-782408956d49|     drop table if exists teams cascade |     drop table if exists teams cascade 
1779782517844|0|statement|connection 37|url jdbc:h2:mem:982ccd09-832a-4118-8ac0-782408956d49|     drop table if exists users cascade |     drop table if exists users cascade 
1779782517844|0|statement|connection 36|url jdbc:h2:mem:982ccd09-832a-4118-8ac0-782408956d49|     drop table if exists users cascade |     drop table if exists users cascade 
1779782721043|0|statement|connection 35|url jdbc:h2:mem:604f15e2-176a-485e-b7d3-5d42ba87bfdc|     drop table if exists match_lineups cascade |     drop table if exists match_lineups cascade 
1779782721044|0|statement|connection 34|url jdbc:h2:mem:604f15e2-176a-485e-b7d3-5d42ba87bfdc|     drop table if exists match_lineups cascade |     drop table if exists match_lineups cascade 
1779782721044|0|statement|connection 35|url jdbc:h2:mem:604f15e2-176a-485e-b7d3-5d42ba87bfdc|     drop table if exists match_review_likes cascade |     drop table if exists match_review_likes cascade 
1779782721044|0|statement|connection 34|url jdbc:h2:mem:604f15e2-176a-485e-b7d3-5d42ba87bfdc|     drop table if exists match_review_likes cascade |     drop table if exists match_review_likes cascade 
1779782721044|0|statement|connection 35|url jdbc:h2:mem:604f15e2-176a-485e-b7d3-5d42ba87bfdc|     drop table if exists match_reviews cascade |     drop table if exists match_reviews cascade 
1779782721044|0|statement|connection 34|url jdbc:h2:mem:604f15e2-176a-485e-b7d3-5d42ba87bfdc|     drop table if exists match_reviews cascade |     drop table if exists match_reviews cascade 
1779782721045|0|statement|connection 35|url jdbc:h2:mem:604f15e2-176a-485e-b7d3-5d42ba87bfdc|     drop table if exists match_statistics cascade |     drop table if exists match_statistics cascade 
1779782721045|0|statement|connection 34|url jdbc:h2:mem:604f15e2-176a-485e-b7d3-5d42ba87bfdc|     drop table if exists match_statistics cascade |     drop table if exists match_statistics cascade 
1779782721045|0|statement|connection 35|url jdbc:h2:mem:604f15e2-176a-485e-b7d3-5d42ba87bfdc|     drop table if exists matches cascade |     drop table if exists matches cascade 
1779782721045|0|statement|connection 34|url jdbc:h2:mem:604f15e2-176a-485e-b7d3-5d42ba87bfdc|     drop table if exists matches cascade |     drop table if exists matches cascade 
1779782721045|0|statement|connection 35|url jdbc:h2:mem:604f15e2-176a-485e-b7d3-5d42ba87bfdc|     drop table if exists player_review_likes cascade |     drop table if exists player_review_likes cascade 
1779782721045|0|statement|connection 34|url jdbc:h2:mem:604f15e2-176a-485e-b7d3-5d42ba87bfdc|     drop table if exists player_review_likes cascade |     drop table if exists player_review_likes cascade 
1779782721045|0|statement|connection 35|url jdbc:h2:mem:604f15e2-176a-485e-b7d3-5d42ba87bfdc|     drop table if exists player_reviews cascade |     drop table if exists player_reviews cascade 
1779782721045|0|statement|connection 34|url jdbc:h2:mem:604f15e2-176a-485e-b7d3-5d42ba87bfdc|     drop table if exists player_reviews cascade |     drop table if exists player_reviews cascade 
1779782721046|0|statement|connection 35|url jdbc:h2:mem:604f15e2-176a-485e-b7d3-5d42ba87bfdc|     drop table if exists player_statistics cascade |     drop table if exists player_statistics cascade 
1779782721046|0|statement|connection 34|url jdbc:h2:mem:604f15e2-176a-485e-b7d3-5d42ba87bfdc|     drop table if exists player_statistics cascade |     drop table if exists player_statistics cascade 
1779782721046|0|statement|connection 35|url jdbc:h2:mem:604f15e2-176a-485e-b7d3-5d42ba87bfdc|     drop table if exists players cascade |     drop table if exists players cascade 
1779782721046|0|statement|connection 34|url jdbc:h2:mem:604f15e2-176a-485e-b7d3-5d42ba87bfdc|     drop table if exists players cascade |     drop table if exists players cascade 
1779782721046|0|statement|connection 35|url jdbc:h2:mem:604f15e2-176a-485e-b7d3-5d42ba87bfdc|     drop table if exists refresh_tokens cascade |     drop table if exists refresh_tokens cascade 
1779782721046|0|statement|connection 34|url jdbc:h2:mem:604f15e2-176a-485e-b7d3-5d42ba87bfdc|     drop table if exists refresh_tokens cascade |     drop table if exists refresh_tokens cascade 
1779782721046|0|statement|connection 35|url jdbc:h2:mem:604f15e2-176a-485e-b7d3-5d42ba87bfdc|     drop table if exists seasons cascade |     drop table if exists seasons cascade 
1779782721046|0|statement|connection 34|url jdbc:h2:mem:604f15e2-176a-485e-b7d3-5d42ba87bfdc|     drop table if exists seasons cascade |     drop table if exists seasons cascade 
1779782721046|0|statement|connection 35|url jdbc:h2:mem:604f15e2-176a-485e-b7d3-5d42ba87bfdc|     drop table if exists teams cascade |     drop table if exists teams cascade 
1779782721046|0|statement|connection 34|url jdbc:h2:mem:604f15e2-176a-485e-b7d3-5d42ba87bfdc|     drop table if exists teams cascade |     drop table if exists teams cascade 
1779782721047|0|statement|connection 35|url jdbc:h2:mem:604f15e2-176a-485e-b7d3-5d42ba87bfdc|     drop table if exists users cascade |     drop table if exists users cascade 
1779782721047|0|statement|connection 34|url jdbc:h2:mem:604f15e2-176a-485e-b7d3-5d42ba87bfdc|     drop table if exists users cascade |     drop table if exists users cascade 
1779782753568|0|statement|connection 35|url jdbc:h2:mem:5da36dd9-005d-4fc6-8d68-bb9e699c660c|     drop table if exists match_lineups cascade |     drop table if exists match_lineups cascade 
1779782753568|0|statement|connection 34|url jdbc:h2:mem:5da36dd9-005d-4fc6-8d68-bb9e699c660c|     drop table if exists match_lineups cascade |     drop table if exists match_lineups cascade 
1779782753569|0|statement|connection 35|url jdbc:h2:mem:5da36dd9-005d-4fc6-8d68-bb9e699c660c|     drop table if exists match_review_likes cascade |     drop table if exists match_review_likes cascade 
1779782753569|0|statement|connection 34|url jdbc:h2:mem:5da36dd9-005d-4fc6-8d68-bb9e699c660c|     drop table if exists match_review_likes cascade |     drop table if exists match_review_likes cascade 
1779782753569|0|statement|connection 35|url jdbc:h2:mem:5da36dd9-005d-4fc6-8d68-bb9e699c660c|     drop table if exists match_reviews cascade |     drop table if exists match_reviews cascade 
1779782753569|0|statement|connection 34|url jdbc:h2:mem:5da36dd9-005d-4fc6-8d68-bb9e699c660c|     drop table if exists match_reviews cascade |     drop table if exists match_reviews cascade 
1779782753569|0|statement|connection 35|url jdbc:h2:mem:5da36dd9-005d-4fc6-8d68-bb9e699c660c|     drop table if exists match_statistics cascade |     drop table if exists match_statistics cascade 
1779782753569|0|statement|connection 34|url jdbc:h2:mem:5da36dd9-005d-4fc6-8d68-bb9e699c660c|     drop table if exists match_statistics cascade |     drop table if exists match_statistics cascade 
1779782753569|0|statement|connection 35|url jdbc:h2:mem:5da36dd9-005d-4fc6-8d68-bb9e699c660c|     drop table if exists matches cascade |     drop table if exists matches cascade 
1779782753570|0|statement|connection 34|url jdbc:h2:mem:5da36dd9-005d-4fc6-8d68-bb9e699c660c|     drop table if exists matches cascade |     drop table if exists matches cascade 
1779782753570|0|statement|connection 35|url jdbc:h2:mem:5da36dd9-005d-4fc6-8d68-bb9e699c660c|     drop table if exists player_review_likes cascade |     drop table if exists player_review_likes cascade 
1779782753570|0|statement|connection 34|url jdbc:h2:mem:5da36dd9-005d-4fc6-8d68-bb9e699c660c|     drop table if exists player_review_likes cascade |     drop table if exists player_review_likes cascade 
1779782753570|0|statement|connection 35|url jdbc:h2:mem:5da36dd9-005d-4fc6-8d68-bb9e699c660c|     drop table if exists player_reviews cascade |     drop table if exists player_reviews cascade 
1779782753570|0|statement|connection 34|url jdbc:h2:mem:5da36dd9-005d-4fc6-8d68-bb9e699c660c|     drop table if exists player_reviews cascade |     drop table if exists player_reviews cascade 
1779782753570|0|statement|connection 35|url jdbc:h2:mem:5da36dd9-005d-4fc6-8d68-bb9e699c660c|     drop table if exists player_statistics cascade |     drop table if exists player_statistics cascade 
1779782753570|0|statement|connection 34|url jdbc:h2:mem:5da36dd9-005d-4fc6-8d68-bb9e699c660c|     drop table if exists player_statistics cascade |     drop table if exists player_statistics cascade 
1779782753570|0|statement|connection 35|url jdbc:h2:mem:5da36dd9-005d-4fc6-8d68-bb9e699c660c|     drop table if exists players cascade |     drop table if exists players cascade 
1779782753570|0|statement|connection 34|url jdbc:h2:mem:5da36dd9-005d-4fc6-8d68-bb9e699c660c|     drop table if exists players cascade |     drop table if exists players cascade 
1779782753571|0|statement|connection 35|url jdbc:h2:mem:5da36dd9-005d-4fc6-8d68-bb9e699c660c|     drop table if exists refresh_tokens cascade |     drop table if exists refresh_tokens cascade 
1779782753571|0|statement|connection 34|url jdbc:h2:mem:5da36dd9-005d-4fc6-8d68-bb9e699c660c|     drop table if exists refresh_tokens cascade |     drop table if exists refresh_tokens cascade 
1779782753571|0|statement|connection 35|url jdbc:h2:mem:5da36dd9-005d-4fc6-8d68-bb9e699c660c|     drop table if exists seasons cascade |     drop table if exists seasons cascade 
1779782753571|0|statement|connection 34|url jdbc:h2:mem:5da36dd9-005d-4fc6-8d68-bb9e699c660c|     drop table if exists seasons cascade |     drop table if exists seasons cascade 
1779782753571|0|statement|connection 35|url jdbc:h2:mem:5da36dd9-005d-4fc6-8d68-bb9e699c660c|     drop table if exists teams cascade |     drop table if exists teams cascade 
1779782753571|0|statement|connection 34|url jdbc:h2:mem:5da36dd9-005d-4fc6-8d68-bb9e699c660c|     drop table if exists teams cascade |     drop table if exists teams cascade 
1779782753572|0|statement|connection 35|url jdbc:h2:mem:5da36dd9-005d-4fc6-8d68-bb9e699c660c|     drop table if exists users cascade |     drop table if exists users cascade 
1779782753572|0|statement|connection 34|url jdbc:h2:mem:5da36dd9-005d-4fc6-8d68-bb9e699c660c|     drop table if exists users cascade |     drop table if exists users cascade 
1779782825471|0|statement|connection 2124|url jdbc:h2:mem:c448a971-2541-4f0c-bb4a-e08370ca708e|     drop table if exists match_lineups cascade |     drop table if exists match_lineups cascade 
1779782825471|0|statement|connection 2123|url jdbc:h2:mem:c448a971-2541-4f0c-bb4a-e08370ca708e|     drop table if exists match_lineups cascade |     drop table if exists match_lineups cascade 
1779782825471|0|statement|connection 2124|url jdbc:h2:mem:c448a971-2541-4f0c-bb4a-e08370ca708e|     drop table if exists match_review_likes cascade |     drop table if exists match_review_likes cascade 
1779782825471|0|statement|connection 2123|url jdbc:h2:mem:c448a971-2541-4f0c-bb4a-e08370ca708e|     drop table if exists match_review_likes cascade |     drop table if exists match_review_likes cascade 
1779782825471|0|statement|connection 2124|url jdbc:h2:mem:c448a971-2541-4f0c-bb4a-e08370ca708e|     drop table if exists match_reviews cascade |     drop table if exists match_reviews cascade 
1779782825472|0|statement|connection 2123|url jdbc:h2:mem:c448a971-2541-4f0c-bb4a-e08370ca708e|     drop table if exists match_reviews cascade |     drop table if exists match_reviews cascade 
1779782825472|0|statement|connection 2124|url jdbc:h2:mem:c448a971-2541-4f0c-bb4a-e08370ca708e|     drop table if exists match_statistics cascade |     drop table if exists match_statistics cascade 
1779782825472|0|statement|connection 2123|url jdbc:h2:mem:c448a971-2541-4f0c-bb4a-e08370ca708e|     drop table if exists match_statistics cascade |     drop table if exists match_statistics cascade 
1779782825472|0|statement|connection 2124|url jdbc:h2:mem:c448a971-2541-4f0c-bb4a-e08370ca708e|     drop table if exists matches cascade |     drop table if exists matches cascade 
1779782825472|0|statement|connection 2123|url jdbc:h2:mem:c448a971-2541-4f0c-bb4a-e08370ca708e|     drop table if exists matches cascade |     drop table if exists matches cascade 
1779782825472|0|statement|connection 2124|url jdbc:h2:mem:c448a971-2541-4f0c-bb4a-e08370ca708e|     drop table if exists player_review_likes cascade |     drop table if exists player_review_likes cascade 
1779782825472|0|statement|connection 2123|url jdbc:h2:mem:c448a971-2541-4f0c-bb4a-e08370ca708e|     drop table if exists player_review_likes cascade |     drop table if exists player_review_likes cascade 
1779782825472|0|statement|connection 2124|url jdbc:h2:mem:c448a971-2541-4f0c-bb4a-e08370ca708e|     drop table if exists player_reviews cascade |     drop table if exists player_reviews cascade 
1779782825472|0|statement|connection 2123|url jdbc:h2:mem:c448a971-2541-4f0c-bb4a-e08370ca708e|     drop table if exists player_reviews cascade |     drop table if exists player_reviews cascade 
1779782825472|0|statement|connection 2124|url jdbc:h2:mem:c448a971-2541-4f0c-bb4a-e08370ca708e|     drop table if exists player_statistics cascade |     drop table if exists player_statistics cascade 
1779782825472|0|statement|connection 2123|url jdbc:h2:mem:c448a971-2541-4f0c-bb4a-e08370ca708e|     drop table if exists player_statistics cascade |     drop table if exists player_statistics cascade 
1779782825472|0|statement|connection 2124|url jdbc:h2:mem:c448a971-2541-4f0c-bb4a-e08370ca708e|     drop table if exists players cascade |     drop table if exists players cascade 
1779782825472|0|statement|connection 2123|url jdbc:h2:mem:c448a971-2541-4f0c-bb4a-e08370ca708e|     drop table if exists players cascade |     drop table if exists players cascade 
1779782825472|0|statement|connection 2124|url jdbc:h2:mem:c448a971-2541-4f0c-bb4a-e08370ca708e|     drop table if exists refresh_tokens cascade |     drop table if exists refresh_tokens cascade 
1779782825472|0|statement|connection 2123|url jdbc:h2:mem:c448a971-2541-4f0c-bb4a-e08370ca708e|     drop table if exists refresh_tokens cascade |     drop table if exists refresh_tokens cascade 
1779782825473|0|statement|connection 2124|url jdbc:h2:mem:c448a971-2541-4f0c-bb4a-e08370ca708e|     drop table if exists seasons cascade |     drop table if exists seasons cascade 
1779782825473|0|statement|connection 2123|url jdbc:h2:mem:c448a971-2541-4f0c-bb4a-e08370ca708e|     drop table if exists seasons cascade |     drop table if exists seasons cascade 
1779782825473|0|statement|connection 2124|url jdbc:h2:mem:c448a971-2541-4f0c-bb4a-e08370ca708e|     drop table if exists teams cascade |     drop table if exists teams cascade 
1779782825473|0|statement|connection 2123|url jdbc:h2:mem:c448a971-2541-4f0c-bb4a-e08370ca708e|     drop table if exists teams cascade |     drop table if exists teams cascade 
1779782825473|0|statement|connection 2124|url jdbc:h2:mem:c448a971-2541-4f0c-bb4a-e08370ca708e|     drop table if exists users cascade |     drop table if exists users cascade 
1779782825473|0|statement|connection 2123|url jdbc:h2:mem:c448a971-2541-4f0c-bb4a-e08370ca708e|     drop table if exists users cascade |     drop table if exists users cascade 
1779782825479|0|statement|connection 2126|url jdbc:h2:mem:2cc1bd20-03a1-48a8-aaba-ec900f01eac8|     drop table if exists match_lineups cascade |     drop table if exists match_lineups cascade 
1779782825479|0|statement|connection 2125|url jdbc:h2:mem:2cc1bd20-03a1-48a8-aaba-ec900f01eac8|     drop table if exists match_lineups cascade |     drop table if exists match_lineups cascade 
1779782825479|0|statement|connection 2126|url jdbc:h2:mem:2cc1bd20-03a1-48a8-aaba-ec900f01eac8|     drop table if exists match_review_likes cascade |     drop table if exists match_review_likes cascade 
1779782825479|0|statement|connection 2125|url jdbc:h2:mem:2cc1bd20-03a1-48a8-aaba-ec900f01eac8|     drop table if exists match_review_likes cascade |     drop table if exists match_review_likes cascade 
1779782825480|0|statement|connection 2126|url jdbc:h2:mem:2cc1bd20-03a1-48a8-aaba-ec900f01eac8|     drop table if exists match_reviews cascade |     drop table if exists match_reviews cascade 
1779782825480|0|statement|connection 2125|url jdbc:h2:mem:2cc1bd20-03a1-48a8-aaba-ec900f01eac8|     drop table if exists match_reviews cascade |     drop table if exists match_reviews cascade 
1779782825480|0|statement|connection 2126|url jdbc:h2:mem:2cc1bd20-03a1-48a8-aaba-ec900f01eac8|     drop table if exists match_statistics cascade |     drop table if exists match_statistics cascade 
1779782825480|0|statement|connection 2125|url jdbc:h2:mem:2cc1bd20-03a1-48a8-aaba-ec900f01eac8|     drop table if exists match_statistics cascade |     drop table if exists match_statistics cascade 
1779782825480|0|statement|connection 2126|url jdbc:h2:mem:2cc1bd20-03a1-48a8-aaba-ec900f01eac8|     drop table if exists matches cascade |     drop table if exists matches cascade 
1779782825480|0|statement|connection 2125|url jdbc:h2:mem:2cc1bd20-03a1-48a8-aaba-ec900f01eac8|     drop table if exists matches cascade |     drop table if exists matches cascade 
1779782825480|0|statement|connection 2126|url jdbc:h2:mem:2cc1bd20-03a1-48a8-aaba-ec900f01eac8|     drop table if exists player_review_likes cascade |     drop table if exists player_review_likes cascade 
1779782825480|0|statement|connection 2125|url jdbc:h2:mem:2cc1bd20-03a1-48a8-aaba-ec900f01eac8|     drop table if exists player_review_likes cascade |     drop table if exists player_review_likes cascade 
1779782825480|0|statement|connection 2126|url jdbc:h2:mem:2cc1bd20-03a1-48a8-aaba-ec900f01eac8|     drop table if exists player_reviews cascade |     drop table if exists player_reviews cascade 
1779782825480|0|statement|connection 2125|url jdbc:h2:mem:2cc1bd20-03a1-48a8-aaba-ec900f01eac8|     drop table if exists player_reviews cascade |     drop table if exists player_reviews cascade 
1779782825480|0|statement|connection 2126|url jdbc:h2:mem:2cc1bd20-03a1-48a8-aaba-ec900f01eac8|     drop table if exists player_statistics cascade |     drop table if exists player_statistics cascade 
1779782825480|0|statement|connection 2125|url jdbc:h2:mem:2cc1bd20-03a1-48a8-aaba-ec900f01eac8|     drop table if exists player_statistics cascade |     drop table if exists player_statistics cascade 
1779782825480|0|statement|connection 2126|url jdbc:h2:mem:2cc1bd20-03a1-48a8-aaba-ec900f01eac8|     drop table if exists players cascade |     drop table if exists players cascade 
1779782825480|0|statement|connection 2125|url jdbc:h2:mem:2cc1bd20-03a1-48a8-aaba-ec900f01eac8|     drop table if exists players cascade |     drop table if exists players cascade 
1779782825480|0|statement|connection 2126|url jdbc:h2:mem:2cc1bd20-03a1-48a8-aaba-ec900f01eac8|     drop table if exists refresh_tokens cascade |     drop table if exists refresh_tokens cascade 
1779782825480|0|statement|connection 2125|url jdbc:h2:mem:2cc1bd20-03a1-48a8-aaba-ec900f01eac8|     drop table if exists refresh_tokens cascade |     drop table if exists refresh_tokens cascade 
1779782825480|0|statement|connection 2126|url jdbc:h2:mem:2cc1bd20-03a1-48a8-aaba-ec900f01eac8|     drop table if exists seasons cascade |     drop table if exists seasons cascade 
1779782825480|0|statement|connection 2125|url jdbc:h2:mem:2cc1bd20-03a1-48a8-aaba-ec900f01eac8|     drop table if exists seasons cascade |     drop table if exists seasons cascade 
1779782825480|0|statement|connection 2126|url jdbc:h2:mem:2cc1bd20-03a1-48a8-aaba-ec900f01eac8|     drop table if exists teams cascade |     drop table if exists teams cascade 
1779782825481|0|statement|connection 2125|url jdbc:h2:mem:2cc1bd20-03a1-48a8-aaba-ec900f01eac8|     drop table if exists teams cascade |     drop table if exists teams cascade 
1779782825481|0|statement|connection 2126|url jdbc:h2:mem:2cc1bd20-03a1-48a8-aaba-ec900f01eac8|     drop table if exists users cascade |     drop table if exists users cascade 
1779782825481|0|statement|connection 2125|url jdbc:h2:mem:2cc1bd20-03a1-48a8-aaba-ec900f01eac8|     drop table if exists users cascade |     drop table if exists users cascade 
1779782825489|0|statement|connection 2128|url jdbc:h2:mem:d2a3f769-3a3e-4739-8261-e97e3a602f7a|     drop table if exists match_lineups cascade |     drop table if exists match_lineups cascade 
1779782825489|0|statement|connection 2127|url jdbc:h2:mem:d2a3f769-3a3e-4739-8261-e97e3a602f7a|     drop table if exists match_lineups cascade |     drop table if exists match_lineups cascade 
1779782825489|0|statement|connection 2128|url jdbc:h2:mem:d2a3f769-3a3e-4739-8261-e97e3a602f7a|     drop table if exists match_review_likes cascade |     drop table if exists match_review_likes cascade 
1779782825489|0|statement|connection 2127|url jdbc:h2:mem:d2a3f769-3a3e-4739-8261-e97e3a602f7a|     drop table if exists match_review_likes cascade |     drop table if exists match_review_likes cascade 
1779782825489|0|statement|connection 2128|url jdbc:h2:mem:d2a3f769-3a3e-4739-8261-e97e3a602f7a|     drop table if exists match_reviews cascade |     drop table if exists match_reviews cascade 
1779782825489|0|statement|connection 2127|url jdbc:h2:mem:d2a3f769-3a3e-4739-8261-e97e3a602f7a|     drop table if exists match_reviews cascade |     drop table if exists match_reviews cascade 
1779782825489|0|statement|connection 2128|url jdbc:h2:mem:d2a3f769-3a3e-4739-8261-e97e3a602f7a|     drop table if exists match_statistics cascade |     drop table if exists match_statistics cascade 
1779782825489|0|statement|connection 2127|url jdbc:h2:mem:d2a3f769-3a3e-4739-8261-e97e3a602f7a|     drop table if exists match_statistics cascade |     drop table if exists match_statistics cascade 
1779782825489|0|statement|connection 2128|url jdbc:h2:mem:d2a3f769-3a3e-4739-8261-e97e3a602f7a|     drop table if exists matches cascade |     drop table if exists matches cascade 
1779782825489|0|statement|connection 2127|url jdbc:h2:mem:d2a3f769-3a3e-4739-8261-e97e3a602f7a|     drop table if exists matches cascade |     drop table if exists matches cascade 
1779782825489|0|statement|connection 2128|url jdbc:h2:mem:d2a3f769-3a3e-4739-8261-e97e3a602f7a|     drop table if exists player_review_likes cascade |     drop table if exists player_review_likes cascade 
1779782825489|0|statement|connection 2127|url jdbc:h2:mem:d2a3f769-3a3e-4739-8261-e97e3a602f7a|     drop table if exists player_review_likes cascade |     drop table if exists player_review_likes cascade 
1779782825490|0|statement|connection 2128|url jdbc:h2:mem:d2a3f769-3a3e-4739-8261-e97e3a602f7a|     drop table if exists player_reviews cascade |     drop table if exists player_reviews cascade 
1779782825490|0|statement|connection 2127|url jdbc:h2:mem:d2a3f769-3a3e-4739-8261-e97e3a602f7a|     drop table if exists player_reviews cascade |     drop table if exists player_reviews cascade 
1779782825490|0|statement|connection 2128|url jdbc:h2:mem:d2a3f769-3a3e-4739-8261-e97e3a602f7a|     drop table if exists player_statistics cascade |     drop table if exists player_statistics cascade 
1779782825490|0|statement|connection 2127|url jdbc:h2:mem:d2a3f769-3a3e-4739-8261-e97e3a602f7a|     drop table if exists player_statistics cascade |     drop table if exists player_statistics cascade 
1779782825490|0|statement|connection 2128|url jdbc:h2:mem:d2a3f769-3a3e-4739-8261-e97e3a602f7a|     drop table if exists players cascade |     drop table if exists players cascade 
1779782825490|0|statement|connection 2127|url jdbc:h2:mem:d2a3f769-3a3e-4739-8261-e97e3a602f7a|     drop table if exists players cascade |     drop table if exists players cascade 
1779782825490|0|statement|connection 2128|url jdbc:h2:mem:d2a3f769-3a3e-4739-8261-e97e3a602f7a|     drop table if exists refresh_tokens cascade |     drop table if exists refresh_tokens cascade 
1779782825490|0|statement|connection 2127|url jdbc:h2:mem:d2a3f769-3a3e-4739-8261-e97e3a602f7a|     drop table if exists refresh_tokens cascade |     drop table if exists refresh_tokens cascade 
1779782825490|0|statement|connection 2128|url jdbc:h2:mem:d2a3f769-3a3e-4739-8261-e97e3a602f7a|     drop table if exists seasons cascade |     drop table if exists seasons cascade 
1779782825490|0|statement|connection 2127|url jdbc:h2:mem:d2a3f769-3a3e-4739-8261-e97e3a602f7a|     drop table if exists seasons cascade |     drop table if exists seasons cascade 
1779782825490|0|statement|connection 2128|url jdbc:h2:mem:d2a3f769-3a3e-4739-8261-e97e3a602f7a|     drop table if exists teams cascade |     drop table if exists teams cascade 
1779782825490|0|statement|connection 2127|url jdbc:h2:mem:d2a3f769-3a3e-4739-8261-e97e3a602f7a|     drop table if exists teams cascade |     drop table if exists teams cascade 
1779782825490|0|statement|connection 2128|url jdbc:h2:mem:d2a3f769-3a3e-4739-8261-e97e3a602f7a|     drop table if exists users cascade |     drop table if exists users cascade 
1779782825490|0|statement|connection 2127|url jdbc:h2:mem:d2a3f769-3a3e-4739-8261-e97e3a602f7a|     drop table if exists users cascade |     drop table if exists users cascade 
1779782825494|0|statement|connection 2129|url jdbc:h2:mem:fbbfff48-804f-4655-b2c0-745a015d9121|     drop table if exists match_lineups cascade |     drop table if exists match_lineups cascade 
1779782825495|0|statement|connection 2129|url jdbc:h2:mem:fbbfff48-804f-4655-b2c0-745a015d9121|     drop table if exists match_review_likes cascade |     drop table if exists match_review_likes cascade 
1779782825495|0|statement|connection 2129|url jdbc:h2:mem:fbbfff48-804f-4655-b2c0-745a015d9121|     drop table if exists match_reviews cascade |     drop table if exists match_reviews cascade 
1779782825495|0|statement|connection 2129|url jdbc:h2:mem:fbbfff48-804f-4655-b2c0-745a015d9121|     drop table if exists match_statistics cascade |     drop table if exists match_statistics cascade 
1779782825495|0|statement|connection 2129|url jdbc:h2:mem:fbbfff48-804f-4655-b2c0-745a015d9121|     drop table if exists matches cascade |     drop table if exists matches cascade 
1779782825495|0|statement|connection 2129|url jdbc:h2:mem:fbbfff48-804f-4655-b2c0-745a015d9121|     drop table if exists player_review_likes cascade |     drop table if exists player_review_likes cascade 
1779782825495|0|statement|connection 2129|url jdbc:h2:mem:fbbfff48-804f-4655-b2c0-745a015d9121|     drop table if exists player_reviews cascade |     drop table if exists player_reviews cascade 
1779782825495|0|statement|connection 2129|url jdbc:h2:mem:fbbfff48-804f-4655-b2c0-745a015d9121|     drop table if exists player_statistics cascade |     drop table if exists player_statistics cascade 
1779782825495|0|statement|connection 2129|url jdbc:h2:mem:fbbfff48-804f-4655-b2c0-745a015d9121|     drop table if exists players cascade |     drop table if exists players cascade 
1779782825495|0|statement|connection 2129|url jdbc:h2:mem:fbbfff48-804f-4655-b2c0-745a015d9121|     drop table if exists refresh_tokens cascade |     drop table if exists refresh_tokens cascade 
1779782825496|0|statement|connection 2129|url jdbc:h2:mem:fbbfff48-804f-4655-b2c0-745a015d9121|     drop table if exists seasons cascade |     drop table if exists seasons cascade 
1779782825496|0|statement|connection 2129|url jdbc:h2:mem:fbbfff48-804f-4655-b2c0-745a015d9121|     drop table if exists teams cascade |     drop table if exists teams cascade 
1779782825496|0|statement|connection 2129|url jdbc:h2:mem:fbbfff48-804f-4655-b2c0-745a015d9121|     drop table if exists users cascade |     drop table if exists users cascade 
1779782825499|0|statement|connection 2130|url jdbc:h2:mem:855a38fd-fe4b-4243-8845-2220ff76d6ce|     drop table if exists match_lineups cascade |     drop table if exists match_lineups cascade 
1779782825499|0|statement|connection 2130|url jdbc:h2:mem:855a38fd-fe4b-4243-8845-2220ff76d6ce|     drop table if exists match_review_likes cascade |     drop table if exists match_review_likes cascade 
1779782825499|0|statement|connection 2130|url jdbc:h2:mem:855a38fd-fe4b-4243-8845-2220ff76d6ce|     drop table if exists match_reviews cascade |     drop table if exists match_reviews cascade 
1779782825499|0|statement|connection 2130|url jdbc:h2:mem:855a38fd-fe4b-4243-8845-2220ff76d6ce|     drop table if exists match_statistics cascade |     drop table if exists match_statistics cascade 
1779782825500|0|statement|connection 2130|url jdbc:h2:mem:855a38fd-fe4b-4243-8845-2220ff76d6ce|     drop table if exists matches cascade |     drop table if exists matches cascade 
1779782825500|0|statement|connection 2130|url jdbc:h2:mem:855a38fd-fe4b-4243-8845-2220ff76d6ce|     drop table if exists player_review_likes cascade |     drop table if exists player_review_likes cascade 
1779782825500|0|statement|connection 2130|url jdbc:h2:mem:855a38fd-fe4b-4243-8845-2220ff76d6ce|     drop table if exists player_reviews cascade |     drop table if exists player_reviews cascade 
1779782825500|0|statement|connection 2130|url jdbc:h2:mem:855a38fd-fe4b-4243-8845-2220ff76d6ce|     drop table if exists player_statistics cascade |     drop table if exists player_statistics cascade 
1779782825500|0|statement|connection 2130|url jdbc:h2:mem:855a38fd-fe4b-4243-8845-2220ff76d6ce|     drop table if exists players cascade |     drop table if exists players cascade 
1779782825500|0|statement|connection 2130|url jdbc:h2:mem:855a38fd-fe4b-4243-8845-2220ff76d6ce|     drop table if exists refresh_tokens cascade |     drop table if exists refresh_tokens cascade 
1779782825500|0|statement|connection 2130|url jdbc:h2:mem:855a38fd-fe4b-4243-8845-2220ff76d6ce|     drop table if exists seasons cascade |     drop table if exists seasons cascade 
1779782825500|0|statement|connection 2130|url jdbc:h2:mem:855a38fd-fe4b-4243-8845-2220ff76d6ce|     drop table if exists teams cascade |     drop table if exists teams cascade 
1779782825500|0|statement|connection 2130|url jdbc:h2:mem:855a38fd-fe4b-4243-8845-2220ff76d6ce|     drop table if exists users cascade |     drop table if exists users cascade 
1779782825502|0|statement|connection 2131|url jdbc:h2:mem:a27ed52a-4ac6-4983-8712-dc5462fbe29c|     drop table if exists match_lineups cascade |     drop table if exists match_lineups cascade 
1779782825502|0|statement|connection 2131|url jdbc:h2:mem:a27ed52a-4ac6-4983-8712-dc5462fbe29c|     drop table if exists match_review_likes cascade |     drop table if exists match_review_likes cascade 
1779782825502|0|statement|connection 2131|url jdbc:h2:mem:a27ed52a-4ac6-4983-8712-dc5462fbe29c|     drop table if exists match_reviews cascade |     drop table if exists match_reviews cascade 
1779782825502|0|statement|connection 2131|url jdbc:h2:mem:a27ed52a-4ac6-4983-8712-dc5462fbe29c|     drop table if exists match_statistics cascade |     drop table if exists match_statistics cascade 
1779782825502|0|statement|connection 2131|url jdbc:h2:mem:a27ed52a-4ac6-4983-8712-dc5462fbe29c|     drop table if exists matches cascade |     drop table if exists matches cascade 
1779782825503|0|statement|connection 2131|url jdbc:h2:mem:a27ed52a-4ac6-4983-8712-dc5462fbe29c|     drop table if exists player_review_likes cascade |     drop table if exists player_review_likes cascade 
1779782825503|0|statement|connection 2131|url jdbc:h2:mem:a27ed52a-4ac6-4983-8712-dc5462fbe29c|     drop table if exists player_reviews cascade |     drop table if exists player_reviews cascade 
1779782825503|0|statement|connection 2131|url jdbc:h2:mem:a27ed52a-4ac6-4983-8712-dc5462fbe29c|     drop table if exists player_statistics cascade |     drop table if exists player_statistics cascade 
1779782825503|0|statement|connection 2131|url jdbc:h2:mem:a27ed52a-4ac6-4983-8712-dc5462fbe29c|     drop table if exists players cascade |     drop table if exists players cascade 
1779782825504|0|statement|connection 2131|url jdbc:h2:mem:a27ed52a-4ac6-4983-8712-dc5462fbe29c|     drop table if exists refresh_tokens cascade |     drop table if exists refresh_tokens cascade 
1779782825504|0|statement|connection 2131|url jdbc:h2:mem:a27ed52a-4ac6-4983-8712-dc5462fbe29c|     drop table if exists seasons cascade |     drop table if exists seasons cascade 
1779782825504|0|statement|connection 2131|url jdbc:h2:mem:a27ed52a-4ac6-4983-8712-dc5462fbe29c|     drop table if exists teams cascade |     drop table if exists teams cascade 
1779782825504|0|statement|connection 2131|url jdbc:h2:mem:a27ed52a-4ac6-4983-8712-dc5462fbe29c|     drop table if exists users cascade |     drop table if exists users cascade 
1779782825507|0|statement|connection 2132|url jdbc:h2:mem:3ee98de0-a443-425d-9ce0-871e5fefa927|     drop table if exists match_lineups cascade |     drop table if exists match_lineups cascade 
1779782825507|0|statement|connection 2132|url jdbc:h2:mem:3ee98de0-a443-425d-9ce0-871e5fefa927|     drop table if exists match_review_likes cascade |     drop table if exists match_review_likes cascade 
1779782825507|0|statement|connection 2132|url jdbc:h2:mem:3ee98de0-a443-425d-9ce0-871e5fefa927|     drop table if exists match_reviews cascade |     drop table if exists match_reviews cascade 
1779782825507|0|statement|connection 2132|url jdbc:h2:mem:3ee98de0-a443-425d-9ce0-871e5fefa927|     drop table if exists match_statistics cascade |     drop table if exists match_statistics cascade 
1779782825507|0|statement|connection 2132|url jdbc:h2:mem:3ee98de0-a443-425d-9ce0-871e5fefa927|     drop table if exists matches cascade |     drop table if exists matches cascade 
1779782825507|0|statement|connection 2132|url jdbc:h2:mem:3ee98de0-a443-425d-9ce0-871e5fefa927|     drop table if exists player_review_likes cascade |     drop table if exists player_review_likes cascade 
1779782825508|0|statement|connection 2132|url jdbc:h2:mem:3ee98de0-a443-425d-9ce0-871e5fefa927|     drop table if exists player_reviews cascade |     drop table if exists player_reviews cascade 
1779782825508|0|statement|connection 2132|url jdbc:h2:mem:3ee98de0-a443-425d-9ce0-871e5fefa927|     drop table if exists player_statistics cascade |     drop table if exists player_statistics cascade 
1779782825508|0|statement|connection 2132|url jdbc:h2:mem:3ee98de0-a443-425d-9ce0-871e5fefa927|     drop table if exists players cascade |     drop table if exists players cascade 
1779782825508|0|statement|connection 2132|url jdbc:h2:mem:3ee98de0-a443-425d-9ce0-871e5fefa927|     drop table if exists refresh_tokens cascade |     drop table if exists refresh_tokens cascade 
1779782825508|0|statement|connection 2132|url jdbc:h2:mem:3ee98de0-a443-425d-9ce0-871e5fefa927|     drop table if exists seasons cascade |     drop table if exists seasons cascade 
1779782825508|0|statement|connection 2132|url jdbc:h2:mem:3ee98de0-a443-425d-9ce0-871e5fefa927|     drop table if exists teams cascade |     drop table if exists teams cascade 
1779782825508|0|statement|connection 2132|url jdbc:h2:mem:3ee98de0-a443-425d-9ce0-871e5fefa927|     drop table if exists users cascade |     drop table if exists users cascade 
1779782825510|0|statement|connection 2133|url jdbc:h2:mem:33003024-13a7-4811-899b-5fb97a5ba9c4|     drop table if exists match_lineups cascade |     drop table if exists match_lineups cascade 
1779782825510|0|statement|connection 2133|url jdbc:h2:mem:33003024-13a7-4811-899b-5fb97a5ba9c4|     drop table if exists match_review_likes cascade |     drop table if exists match_review_likes cascade 
1779782825510|0|statement|connection 2133|url jdbc:h2:mem:33003024-13a7-4811-899b-5fb97a5ba9c4|     drop table if exists match_reviews cascade |     drop table if exists match_reviews cascade 
1779782825511|0|statement|connection 2133|url jdbc:h2:mem:33003024-13a7-4811-899b-5fb97a5ba9c4|     drop table if exists match_statistics cascade |     drop table if exists match_statistics cascade 
1779782825511|0|statement|connection 2133|url jdbc:h2:mem:33003024-13a7-4811-899b-5fb97a5ba9c4|     drop table if exists matches cascade |     drop table if exists matches cascade 
1779782825511|0|statement|connection 2133|url jdbc:h2:mem:33003024-13a7-4811-899b-5fb97a5ba9c4|     drop table if exists player_review_likes cascade |     drop table if exists player_review_likes cascade 
1779782825511|0|statement|connection 2133|url jdbc:h2:mem:33003024-13a7-4811-899b-5fb97a5ba9c4|     drop table if exists player_reviews cascade |     drop table if exists player_reviews cascade 
1779782825511|0|statement|connection 2133|url jdbc:h2:mem:33003024-13a7-4811-899b-5fb97a5ba9c4|     drop table if exists player_statistics cascade |     drop table if exists player_statistics cascade 
1779782825511|0|statement|connection 2133|url jdbc:h2:mem:33003024-13a7-4811-899b-5fb97a5ba9c4|     drop table if exists players cascade |     drop table if exists players cascade 
1779782825511|0|statement|connection 2133|url jdbc:h2:mem:33003024-13a7-4811-899b-5fb97a5ba9c4|     drop table if exists refresh_tokens cascade |     drop table if exists refresh_tokens cascade 
1779782825512|0|statement|connection 2133|url jdbc:h2:mem:33003024-13a7-4811-899b-5fb97a5ba9c4|     drop table if exists seasons cascade |     drop table if exists seasons cascade 
1779782825512|0|statement|connection 2133|url jdbc:h2:mem:33003024-13a7-4811-899b-5fb97a5ba9c4|     drop table if exists teams cascade |     drop table if exists teams cascade 
1779782825512|0|statement|connection 2133|url jdbc:h2:mem:33003024-13a7-4811-899b-5fb97a5ba9c4|     drop table if exists users cascade |     drop table if exists users cascade 
1781077922483|0|statement|connection 2124|url jdbc:h2:mem:849f3876-8aae-4b7b-9090-570dd5ab9f78|     drop table if exists match_lineups cascade |     drop table if exists match_lineups cascade 
1781077922484|0|statement|connection 2123|url jdbc:h2:mem:849f3876-8aae-4b7b-9090-570dd5ab9f78|     drop table if exists match_lineups cascade |     drop table if exists match_lineups cascade 
1781077922484|0|statement|connection 2124|url jdbc:h2:mem:849f3876-8aae-4b7b-9090-570dd5ab9f78|     drop table if exists match_review_likes cascade |     drop table if exists match_review_likes cascade 
1781077922484|0|statement|connection 2123|url jdbc:h2:mem:849f3876-8aae-4b7b-9090-570dd5ab9f78|     drop table if exists match_review_likes cascade |     drop table if exists match_review_likes cascade 
1781077922484|0|statement|connection 2124|url jdbc:h2:mem:849f3876-8aae-4b7b-9090-570dd5ab9f78|     drop table if exists match_reviews cascade |     drop table if exists match_reviews cascade 
1781077922485|0|statement|connection 2123|url jdbc:h2:mem:849f3876-8aae-4b7b-9090-570dd5ab9f78|     drop table if exists match_reviews cascade |     drop table if exists match_reviews cascade 
1781077922485|0|statement|connection 2124|url jdbc:h2:mem:849f3876-8aae-4b7b-9090-570dd5ab9f78|     drop table if exists match_statistics cascade |     drop table if exists match_statistics cascade 
1781077922485|0|statement|connection 2123|url jdbc:h2:mem:849f3876-8aae-4b7b-9090-570dd5ab9f78|     drop table if exists match_statistics cascade |     drop table if exists match_statistics cascade 
1781077922485|0|statement|connection 2124|url jdbc:h2:mem:849f3876-8aae-4b7b-9090-570dd5ab9f78|     drop table if exists matches cascade |     drop table if exists matches cascade 
1781077922485|0|statement|connection 2123|url jdbc:h2:mem:849f3876-8aae-4b7b-9090-570dd5ab9f78|     drop table if exists matches cascade |     drop table if exists matches cascade 
1781077922485|0|statement|connection 2124|url jdbc:h2:mem:849f3876-8aae-4b7b-9090-570dd5ab9f78|     drop table if exists player_review_likes cascade |     drop table if exists player_review_likes cascade 
1781077922485|0|statement|connection 2123|url jdbc:h2:mem:849f3876-8aae-4b7b-9090-570dd5ab9f78|     drop table if exists player_review_likes cascade |     drop table if exists player_review_likes cascade 
1781077922485|0|statement|connection 2124|url jdbc:h2:mem:849f3876-8aae-4b7b-9090-570dd5ab9f78|     drop table if exists player_reviews cascade |     drop table if exists player_reviews cascade 
1781077922485|0|statement|connection 2123|url jdbc:h2:mem:849f3876-8aae-4b7b-9090-570dd5ab9f78|     drop table if exists player_reviews cascade |     drop table if exists player_reviews cascade 
1781077922485|0|statement|connection 2124|url jdbc:h2:mem:849f3876-8aae-4b7b-9090-570dd5ab9f78|     drop table if exists player_statistics cascade |     drop table if exists player_statistics cascade 
1781077922485|0|statement|connection 2123|url jdbc:h2:mem:849f3876-8aae-4b7b-9090-570dd5ab9f78|     drop table if exists player_statistics cascade |     drop table if exists player_statistics cascade 
1781077922485|0|statement|connection 2124|url jdbc:h2:mem:849f3876-8aae-4b7b-9090-570dd5ab9f78|     drop table if exists players cascade |     drop table if exists players cascade 
1781077922485|0|statement|connection 2123|url jdbc:h2:mem:849f3876-8aae-4b7b-9090-570dd5ab9f78|     drop table if exists players cascade |     drop table if exists players cascade 
1781077922485|0|statement|connection 2124|url jdbc:h2:mem:849f3876-8aae-4b7b-9090-570dd5ab9f78|     drop table if exists refresh_tokens cascade |     drop table if exists refresh_tokens cascade 
1781077922485|0|statement|connection 2123|url jdbc:h2:mem:849f3876-8aae-4b7b-9090-570dd5ab9f78|     drop table if exists refresh_tokens cascade |     drop table if exists refresh_tokens cascade 
1781077922485|0|statement|connection 2124|url jdbc:h2:mem:849f3876-8aae-4b7b-9090-570dd5ab9f78|     drop table if exists seasons cascade |     drop table if exists seasons cascade 
1781077922485|0|statement|connection 2123|url jdbc:h2:mem:849f3876-8aae-4b7b-9090-570dd5ab9f78|     drop table if exists seasons cascade |     drop table if exists seasons cascade 
1781077922486|0|statement|connection 2124|url jdbc:h2:mem:849f3876-8aae-4b7b-9090-570dd5ab9f78|     drop table if exists teams cascade |     drop table if exists teams cascade 
1781077922486|0|statement|connection 2123|url jdbc:h2:mem:849f3876-8aae-4b7b-9090-570dd5ab9f78|     drop table if exists teams cascade |     drop table if exists teams cascade 
1781077922486|0|statement|connection 2124|url jdbc:h2:mem:849f3876-8aae-4b7b-9090-570dd5ab9f78|     drop table if exists users cascade |     drop table if exists users cascade 
1781077922486|0|statement|connection 2123|url jdbc:h2:mem:849f3876-8aae-4b7b-9090-570dd5ab9f78|     drop table if exists users cascade |     drop table if exists users cascade 
1781077922492|0|statement|connection 2126|url jdbc:h2:mem:4c2bd3a4-1ef9-4bb6-a122-c95dcfa0783d|     drop table if exists match_lineups cascade |     drop table if exists match_lineups cascade 
1781077922492|0|statement|connection 2125|url jdbc:h2:mem:4c2bd3a4-1ef9-4bb6-a122-c95dcfa0783d|     drop table if exists match_lineups cascade |     drop table if exists match_lineups cascade 
1781077922492|0|statement|connection 2126|url jdbc:h2:mem:4c2bd3a4-1ef9-4bb6-a122-c95dcfa0783d|     drop table if exists match_review_likes cascade |     drop table if exists match_review_likes cascade 
1781077922492|0|statement|connection 2125|url jdbc:h2:mem:4c2bd3a4-1ef9-4bb6-a122-c95dcfa0783d|     drop table if exists match_review_likes cascade |     drop table if exists match_review_likes cascade 
1781077922492|0|statement|connection 2126|url jdbc:h2:mem:4c2bd3a4-1ef9-4bb6-a122-c95dcfa0783d|     drop table if exists match_reviews cascade |     drop table if exists match_reviews cascade 
1781077922492|0|statement|connection 2125|url jdbc:h2:mem:4c2bd3a4-1ef9-4bb6-a122-c95dcfa0783d|     drop table if exists match_reviews cascade |     drop table if exists match_reviews cascade 
1781077922492|0|statement|connection 2126|url jdbc:h2:mem:4c2bd3a4-1ef9-4bb6-a122-c95dcfa0783d|     drop table if exists match_statistics cascade |     drop table if exists match_statistics cascade 
1781077922492|0|statement|connection 2125|url jdbc:h2:mem:4c2bd3a4-1ef9-4bb6-a122-c95dcfa0783d|     drop table if exists match_statistics cascade |     drop table if exists match_statistics cascade 
1781077922492|0|statement|connection 2126|url jdbc:h2:mem:4c2bd3a4-1ef9-4bb6-a122-c95dcfa0783d|     drop table if exists matches cascade |     drop table if exists matches cascade 
1781077922493|0|statement|connection 2125|url jdbc:h2:mem:4c2bd3a4-1ef9-4bb6-a122-c95dcfa0783d|     drop table if exists matches cascade |     drop table if exists matches cascade 
1781077922493|0|statement|connection 2126|url jdbc:h2:mem:4c2bd3a4-1ef9-4bb6-a122-c95dcfa0783d|     drop table if exists player_review_likes cascade |     drop table if exists player_review_likes cascade 
1781077922493|0|statement|connection 2125|url jdbc:h2:mem:4c2bd3a4-1ef9-4bb6-a122-c95dcfa0783d|     drop table if exists player_review_likes cascade |     drop table if exists player_review_likes cascade 
1781077922493|0|statement|connection 2126|url jdbc:h2:mem:4c2bd3a4-1ef9-4bb6-a122-c95dcfa0783d|     drop table if exists player_reviews cascade |     drop table if exists player_reviews cascade 
1781077922493|0|statement|connection 2125|url jdbc:h2:mem:4c2bd3a4-1ef9-4bb6-a122-c95dcfa0783d|     drop table if exists player_reviews cascade |     drop table if exists player_reviews cascade 
1781077922493|0|statement|connection 2126|url jdbc:h2:mem:4c2bd3a4-1ef9-4bb6-a122-c95dcfa0783d|     drop table if exists player_statistics cascade |     drop table if exists player_statistics cascade 
1781077922493|0|statement|connection 2125|url jdbc:h2:mem:4c2bd3a4-1ef9-4bb6-a122-c95dcfa0783d|     drop table if exists player_statistics cascade |     drop table if exists player_statistics cascade 
1781077922493|0|statement|connection 2126|url jdbc:h2:mem:4c2bd3a4-1ef9-4bb6-a122-c95dcfa0783d|     drop table if exists players cascade |     drop table if exists players cascade 
1781077922493|0|statement|connection 2125|url jdbc:h2:mem:4c2bd3a4-1ef9-4bb6-a122-c95dcfa0783d|     drop table if exists players cascade |     drop table if exists players cascade 
1781077922493|0|statement|connection 2126|url jdbc:h2:mem:4c2bd3a4-1ef9-4bb6-a122-c95dcfa0783d|     drop table if exists refresh_tokens cascade |     drop table if exists refresh_tokens cascade 
1781077922493|0|statement|connection 2125|url jdbc:h2:mem:4c2bd3a4-1ef9-4bb6-a122-c95dcfa0783d|     drop table if exists refresh_tokens cascade |     drop table if exists refresh_tokens cascade 
1781077922493|0|statement|connection 2126|url jdbc:h2:mem:4c2bd3a4-1ef9-4bb6-a122-c95dcfa0783d|     drop table if exists seasons cascade |     drop table if exists seasons cascade 
1781077922493|0|statement|connection 2125|url jdbc:h2:mem:4c2bd3a4-1ef9-4bb6-a122-c95dcfa0783d|     drop table if exists seasons cascade |     drop table if exists seasons cascade 
1781077922493|0|statement|connection 2126|url jdbc:h2:mem:4c2bd3a4-1ef9-4bb6-a122-c95dcfa0783d|     drop table if exists teams cascade |     drop table if exists teams cascade 
1781077922493|0|statement|connection 2125|url jdbc:h2:mem:4c2bd3a4-1ef9-4bb6-a122-c95dcfa0783d|     drop table if exists teams cascade |     drop table if exists teams cascade 
1781077922493|0|statement|connection 2126|url jdbc:h2:mem:4c2bd3a4-1ef9-4bb6-a122-c95dcfa0783d|     drop table if exists users cascade |     drop table if exists users cascade 
1781077922493|0|statement|connection 2125|url jdbc:h2:mem:4c2bd3a4-1ef9-4bb6-a122-c95dcfa0783d|     drop table if exists users cascade |     drop table if exists users cascade 
1781077922501|0|statement|connection 2128|url jdbc:h2:mem:8481e3ae-7203-47c8-a24b-4e428ed9665a|     drop table if exists match_lineups cascade |     drop table if exists match_lineups cascade 
1781077922501|0|statement|connection 2127|url jdbc:h2:mem:8481e3ae-7203-47c8-a24b-4e428ed9665a|     drop table if exists match_lineups cascade |     drop table if exists match_lineups cascade 
1781077922501|0|statement|connection 2128|url jdbc:h2:mem:8481e3ae-7203-47c8-a24b-4e428ed9665a|     drop table if exists match_review_likes cascade |     drop table if exists match_review_likes cascade 
1781077922501|0|statement|connection 2127|url jdbc:h2:mem:8481e3ae-7203-47c8-a24b-4e428ed9665a|     drop table if exists match_review_likes cascade |     drop table if exists match_review_likes cascade 
1781077922501|0|statement|connection 2128|url jdbc:h2:mem:8481e3ae-7203-47c8-a24b-4e428ed9665a|     drop table if exists match_reviews cascade |     drop table if exists match_reviews cascade 
1781077922501|0|statement|connection 2127|url jdbc:h2:mem:8481e3ae-7203-47c8-a24b-4e428ed9665a|     drop table if exists match_reviews cascade |     drop table if exists match_reviews cascade 
1781077922502|0|statement|connection 2128|url jdbc:h2:mem:8481e3ae-7203-47c8-a24b-4e428ed9665a|     drop table if exists match_statistics cascade |     drop table if exists match_statistics cascade 
1781077922502|0|statement|connection 2127|url jdbc:h2:mem:8481e3ae-7203-47c8-a24b-4e428ed9665a|     drop table if exists match_statistics cascade |     drop table if exists match_statistics cascade 
1781077922502|0|statement|connection 2128|url jdbc:h2:mem:8481e3ae-7203-47c8-a24b-4e428ed9665a|     drop table if exists matches cascade |     drop table if exists matches cascade 
1781077922502|0|statement|connection 2127|url jdbc:h2:mem:8481e3ae-7203-47c8-a24b-4e428ed9665a|     drop table if exists matches cascade |     drop table if exists matches cascade 
1781077922502|0|statement|connection 2128|url jdbc:h2:mem:8481e3ae-7203-47c8-a24b-4e428ed9665a|     drop table if exists player_review_likes cascade |     drop table if exists player_review_likes cascade 
1781077922502|0|statement|connection 2127|url jdbc:h2:mem:8481e3ae-7203-47c8-a24b-4e428ed9665a|     drop table if exists player_review_likes cascade |     drop table if exists player_review_likes cascade 
1781077922502|0|statement|connection 2128|url jdbc:h2:mem:8481e3ae-7203-47c8-a24b-4e428ed9665a|     drop table if exists player_reviews cascade |     drop table if exists player_reviews cascade 
1781077922502|0|statement|connection 2127|url jdbc:h2:mem:8481e3ae-7203-47c8-a24b-4e428ed9665a|     drop table if exists player_reviews cascade |     drop table if exists player_reviews cascade 
1781077922502|0|statement|connection 2128|url jdbc:h2:mem:8481e3ae-7203-47c8-a24b-4e428ed9665a|     drop table if exists player_statistics cascade |     drop table if exists player_statistics cascade 
1781077922502|0|statement|connection 2127|url jdbc:h2:mem:8481e3ae-7203-47c8-a24b-4e428ed9665a|     drop table if exists player_statistics cascade |     drop table if exists player_statistics cascade 
1781077922502|0|statement|connection 2128|url jdbc:h2:mem:8481e3ae-7203-47c8-a24b-4e428ed9665a|     drop table if exists players cascade |     drop table if exists players cascade 
1781077922502|0|statement|connection 2127|url jdbc:h2:mem:8481e3ae-7203-47c8-a24b-4e428ed9665a|     drop table if exists players cascade |     drop table if exists players cascade 
1781077922502|0|statement|connection 2128|url jdbc:h2:mem:8481e3ae-7203-47c8-a24b-4e428ed9665a|     drop table if exists refresh_tokens cascade |     drop table if exists refresh_tokens cascade 
1781077922502|0|statement|connection 2127|url jdbc:h2:mem:8481e3ae-7203-47c8-a24b-4e428ed9665a|     drop table if exists refresh_tokens cascade |     drop table if exists refresh_tokens cascade 
1781077922502|0|statement|connection 2128|url jdbc:h2:mem:8481e3ae-7203-47c8-a24b-4e428ed9665a|     drop table if exists seasons cascade |     drop table if exists seasons cascade 
1781077922502|0|statement|connection 2127|url jdbc:h2:mem:8481e3ae-7203-47c8-a24b-4e428ed9665a|     drop table if exists seasons cascade |     drop table if exists seasons cascade 
1781077922502|0|statement|connection 2128|url jdbc:h2:mem:8481e3ae-7203-47c8-a24b-4e428ed9665a|     drop table if exists teams cascade |     drop table if exists teams cascade 
1781077922502|0|statement|connection 2127|url jdbc:h2:mem:8481e3ae-7203-47c8-a24b-4e428ed9665a|     drop table if exists teams cascade |     drop table if exists teams cascade 
1781077922502|0|statement|connection 2128|url jdbc:h2:mem:8481e3ae-7203-47c8-a24b-4e428ed9665a|     drop table if exists users cascade |     drop table if exists users cascade 
1781077922502|0|statement|connection 2127|url jdbc:h2:mem:8481e3ae-7203-47c8-a24b-4e428ed9665a|     drop table if exists users cascade |     drop table if exists users cascade 
1781077922506|0|statement|connection 2129|url jdbc:h2:mem:a68a00a4-27a7-4d94-a107-cedbc1b70d9f|     drop table if exists match_lineups cascade |     drop table if exists match_lineups cascade 
1781077922506|0|statement|connection 2129|url jdbc:h2:mem:a68a00a4-27a7-4d94-a107-cedbc1b70d9f|     drop table if exists match_review_likes cascade |     drop table if exists match_review_likes cascade 
1781077922506|0|statement|connection 2129|url jdbc:h2:mem:a68a00a4-27a7-4d94-a107-cedbc1b70d9f|     drop table if exists match_reviews cascade |     drop table if exists match_reviews cascade 
1781077922506|0|statement|connection 2129|url jdbc:h2:mem:a68a00a4-27a7-4d94-a107-cedbc1b70d9f|     drop table if exists match_statistics cascade |     drop table if exists match_statistics cascade 
1781077922506|0|statement|connection 2129|url jdbc:h2:mem:a68a00a4-27a7-4d94-a107-cedbc1b70d9f|     drop table if exists matches cascade |     drop table if exists matches cascade 
1781077922506|0|statement|connection 2129|url jdbc:h2:mem:a68a00a4-27a7-4d94-a107-cedbc1b70d9f|     drop table if exists player_review_likes cascade |     drop table if exists player_review_likes cascade 
1781077922506|0|statement|connection 2129|url jdbc:h2:mem:a68a00a4-27a7-4d94-a107-cedbc1b70d9f|     drop table if exists player_reviews cascade |     drop table if exists player_reviews cascade 
1781077922506|0|statement|connection 2129|url jdbc:h2:mem:a68a00a4-27a7-4d94-a107-cedbc1b70d9f|     drop table if exists player_statistics cascade |     drop table if exists player_statistics cascade 
1781077922506|0|statement|connection 2129|url jdbc:h2:mem:a68a00a4-27a7-4d94-a107-cedbc1b70d9f|     drop table if exists players cascade |     drop table if exists players cascade 
1781077922506|0|statement|connection 2129|url jdbc:h2:mem:a68a00a4-27a7-4d94-a107-cedbc1b70d9f|     drop table if exists refresh_tokens cascade |     drop table if exists refresh_tokens cascade 
1781077922507|0|statement|connection 2129|url jdbc:h2:mem:a68a00a4-27a7-4d94-a107-cedbc1b70d9f|     drop table if exists seasons cascade |     drop table if exists seasons cascade 
1781077922507|0|statement|connection 2129|url jdbc:h2:mem:a68a00a4-27a7-4d94-a107-cedbc1b70d9f|     drop table if exists teams cascade |     drop table if exists teams cascade 
1781077922507|0|statement|connection 2129|url jdbc:h2:mem:a68a00a4-27a7-4d94-a107-cedbc1b70d9f|     drop table if exists users cascade |     drop table if exists users cascade 
1781077922508|0|statement|connection 2130|url jdbc:h2:mem:dbcbe146-ce69-478a-bccf-d8a8ccbb2179|     drop table if exists match_lineups cascade |     drop table if exists match_lineups cascade 
1781077922508|0|statement|connection 2130|url jdbc:h2:mem:dbcbe146-ce69-478a-bccf-d8a8ccbb2179|     drop table if exists match_review_likes cascade |     drop table if exists match_review_likes cascade 
1781077922508|0|statement|connection 2130|url jdbc:h2:mem:dbcbe146-ce69-478a-bccf-d8a8ccbb2179|     drop table if exists match_reviews cascade |     drop table if exists match_reviews cascade 
1781077922508|0|statement|connection 2130|url jdbc:h2:mem:dbcbe146-ce69-478a-bccf-d8a8ccbb2179|     drop table if exists match_statistics cascade |     drop table if exists match_statistics cascade 
1781077922508|0|statement|connection 2130|url jdbc:h2:mem:dbcbe146-ce69-478a-bccf-d8a8ccbb2179|     drop table if exists matches cascade |     drop table if exists matches cascade 
1781077922508|0|statement|connection 2130|url jdbc:h2:mem:dbcbe146-ce69-478a-bccf-d8a8ccbb2179|     drop table if exists player_review_likes cascade |     drop table if exists player_review_likes cascade 
1781077922508|0|statement|connection 2130|url jdbc:h2:mem:dbcbe146-ce69-478a-bccf-d8a8ccbb2179|     drop table if exists player_reviews cascade |     drop table if exists player_reviews cascade 
1781077922508|0|statement|connection 2130|url jdbc:h2:mem:dbcbe146-ce69-478a-bccf-d8a8ccbb2179|     drop table if exists player_statistics cascade |     drop table if exists player_statistics cascade 
1781077922508|0|statement|connection 2130|url jdbc:h2:mem:dbcbe146-ce69-478a-bccf-d8a8ccbb2179|     drop table if exists players cascade |     drop table if exists players cascade 
1781077922508|0|statement|connection 2130|url jdbc:h2:mem:dbcbe146-ce69-478a-bccf-d8a8ccbb2179|     drop table if exists refresh_tokens cascade |     drop table if exists refresh_tokens cascade 
1781077922509|0|statement|connection 2130|url jdbc:h2:mem:dbcbe146-ce69-478a-bccf-d8a8ccbb2179|     drop table if exists seasons cascade |     drop table if exists seasons cascade 
1781077922509|0|statement|connection 2130|url jdbc:h2:mem:dbcbe146-ce69-478a-bccf-d8a8ccbb2179|     drop table if exists teams cascade |     drop table if exists teams cascade 
1781077922509|0|statement|connection 2130|url jdbc:h2:mem:dbcbe146-ce69-478a-bccf-d8a8ccbb2179|     drop table if exists users cascade |     drop table if exists users cascade 
1781077922510|0|statement|connection 2131|url jdbc:h2:mem:bb0f556f-2d2d-4bd8-a992-d26de388064b|     drop table if exists match_lineups cascade |     drop table if exists match_lineups cascade 
1781077922510|0|statement|connection 2131|url jdbc:h2:mem:bb0f556f-2d2d-4bd8-a992-d26de388064b|     drop table if exists match_review_likes cascade |     drop table if exists match_review_likes cascade 
1781077922510|0|statement|connection 2131|url jdbc:h2:mem:bb0f556f-2d2d-4bd8-a992-d26de388064b|     drop table if exists match_reviews cascade |     drop table if exists match_reviews cascade 
1781077922510|0|statement|connection 2131|url jdbc:h2:mem:bb0f556f-2d2d-4bd8-a992-d26de388064b|     drop table if exists match_statistics cascade |     drop table if exists match_statistics cascade 
1781077922510|0|statement|connection 2131|url jdbc:h2:mem:bb0f556f-2d2d-4bd8-a992-d26de388064b|     drop table if exists matches cascade |     drop table if exists matches cascade 
1781077922510|0|statement|connection 2131|url jdbc:h2:mem:bb0f556f-2d2d-4bd8-a992-d26de388064b|     drop table if exists player_review_likes cascade |     drop table if exists player_review_likes cascade 
1781077922510|0|statement|connection 2131|url jdbc:h2:mem:bb0f556f-2d2d-4bd8-a992-d26de388064b|     drop table if exists player_reviews cascade |     drop table if exists player_reviews cascade 
1781077922510|0|statement|connection 2131|url jdbc:h2:mem:bb0f556f-2d2d-4bd8-a992-d26de388064b|     drop table if exists player_statistics cascade |     drop table if exists player_statistics cascade 
1781077922510|0|statement|connection 2131|url jdbc:h2:mem:bb0f556f-2d2d-4bd8-a992-d26de388064b|     drop table if exists players cascade |     drop table if exists players cascade 
1781077922510|0|statement|connection 2131|url jdbc:h2:mem:bb0f556f-2d2d-4bd8-a992-d26de388064b|     drop table if exists refresh_tokens cascade |     drop table if exists refresh_tokens cascade 
1781077922510|0|statement|connection 2131|url jdbc:h2:mem:bb0f556f-2d2d-4bd8-a992-d26de388064b|     drop table if exists seasons cascade |     drop table if exists seasons cascade 
1781077922510|0|statement|connection 2131|url jdbc:h2:mem:bb0f556f-2d2d-4bd8-a992-d26de388064b|     drop table if exists teams cascade |     drop table if exists teams cascade 
1781077922510|0|statement|connection 2131|url jdbc:h2:mem:bb0f556f-2d2d-4bd8-a992-d26de388064b|     drop table if exists users cascade |     drop table if exists users cascade 
1781077922512|0|statement|connection 2132|url jdbc:h2:mem:caa80c69-d40c-4231-85be-d857e432e44d|     drop table if exists match_lineups cascade |     drop table if exists match_lineups cascade 
1781077922512|0|statement|connection 2132|url jdbc:h2:mem:caa80c69-d40c-4231-85be-d857e432e44d|     drop table if exists match_review_likes cascade |     drop table if exists match_review_likes cascade 
1781077922512|0|statement|connection 2132|url jdbc:h2:mem:caa80c69-d40c-4231-85be-d857e432e44d|     drop table if exists match_reviews cascade |     drop table if exists match_reviews cascade 
1781077922512|0|statement|connection 2132|url jdbc:h2:mem:caa80c69-d40c-4231-85be-d857e432e44d|     drop table if exists match_statistics cascade |     drop table if exists match_statistics cascade 
1781077922512|0|statement|connection 2132|url jdbc:h2:mem:caa80c69-d40c-4231-85be-d857e432e44d|     drop table if exists matches cascade |     drop table if exists matches cascade 
1781077922512|0|statement|connection 2132|url jdbc:h2:mem:caa80c69-d40c-4231-85be-d857e432e44d|     drop table if exists player_review_likes cascade |     drop table if exists player_review_likes cascade 
1781077922512|0|statement|connection 2132|url jdbc:h2:mem:caa80c69-d40c-4231-85be-d857e432e44d|     drop table if exists player_reviews cascade |     drop table if exists player_reviews cascade 
1781077922512|0|statement|connection 2132|url jdbc:h2:mem:caa80c69-d40c-4231-85be-d857e432e44d|     drop table if exists player_statistics cascade |     drop table if exists player_statistics cascade 
1781077922512|0|statement|connection 2132|url jdbc:h2:mem:caa80c69-d40c-4231-85be-d857e432e44d|     drop table if exists players cascade |     drop table if exists players cascade 
1781077922512|0|statement|connection 2132|url jdbc:h2:mem:caa80c69-d40c-4231-85be-d857e432e44d|     drop table if exists refresh_tokens cascade |     drop table if exists refresh_tokens cascade 
1781077922512|0|statement|connection 2132|url jdbc:h2:mem:caa80c69-d40c-4231-85be-d857e432e44d|     drop table if exists seasons cascade |     drop table if exists seasons cascade 
1781077922512|0|statement|connection 2132|url jdbc:h2:mem:caa80c69-d40c-4231-85be-d857e432e44d|     drop table if exists teams cascade |     drop table if exists teams cascade 
1781077922512|0|statement|connection 2132|url jdbc:h2:mem:caa80c69-d40c-4231-85be-d857e432e44d|     drop table if exists users cascade |     drop table if exists users cascade 
1781077922513|0|statement|connection 2133|url jdbc:h2:mem:80fe8063-6e00-44cf-98f8-b87b0d68ff9b|     drop table if exists match_lineups cascade |     drop table if exists match_lineups cascade 
1781077922514|0|statement|connection 2133|url jdbc:h2:mem:80fe8063-6e00-44cf-98f8-b87b0d68ff9b|     drop table if exists match_review_likes cascade |     drop table if exists match_review_likes cascade 
1781077922514|0|statement|connection 2133|url jdbc:h2:mem:80fe8063-6e00-44cf-98f8-b87b0d68ff9b|     drop table if exists match_reviews cascade |     drop table if exists match_reviews cascade 
1781077922514|0|statement|connection 2133|url jdbc:h2:mem:80fe8063-6e00-44cf-98f8-b87b0d68ff9b|     drop table if exists match_statistics cascade |     drop table if exists match_statistics cascade 
1781077922514|0|statement|connection 2133|url jdbc:h2:mem:80fe8063-6e00-44cf-98f8-b87b0d68ff9b|     drop table if exists matches cascade |     drop table if exists matches cascade 
1781077922514|0|statement|connection 2133|url jdbc:h2:mem:80fe8063-6e00-44cf-98f8-b87b0d68ff9b|     drop table if exists player_review_likes cascade |     drop table if exists player_review_likes cascade 
1781077922514|0|statement|connection 2133|url jdbc:h2:mem:80fe8063-6e00-44cf-98f8-b87b0d68ff9b|     drop table if exists player_reviews cascade |     drop table if exists player_reviews cascade 
1781077922514|0|statement|connection 2133|url jdbc:h2:mem:80fe8063-6e00-44cf-98f8-b87b0d68ff9b|     drop table if exists player_statistics cascade |     drop table if exists player_statistics cascade 
1781077922514|0|statement|connection 2133|url jdbc:h2:mem:80fe8063-6e00-44cf-98f8-b87b0d68ff9b|     drop table if exists players cascade |     drop table if exists players cascade 
1781077922514|0|statement|connection 2133|url jdbc:h2:mem:80fe8063-6e00-44cf-98f8-b87b0d68ff9b|     drop table if exists refresh_tokens cascade |     drop table if exists refresh_tokens cascade 
1781077922514|0|statement|connection 2133|url jdbc:h2:mem:80fe8063-6e00-44cf-98f8-b87b0d68ff9b|     drop table if exists seasons cascade |     drop table if exists seasons cascade 
1781077922514|0|statement|connection 2133|url jdbc:h2:mem:80fe8063-6e00-44cf-98f8-b87b0d68ff9b|     drop table if exists teams cascade |     drop table if exists teams cascade 
1781077922514|0|statement|connection 2133|url jdbc:h2:mem:80fe8063-6e00-44cf-98f8-b87b0d68ff9b|     drop table if exists users cascade |     drop table if exists users cascade 
